
INSERT INTO `accountsection` VALUES (10,'da_DK.utf8','Aktiver');
INSERT INTO `accountsection` VALUES (20,'da_DK.utf8','Forpligtelse');
INSERT INTO `accountsection` VALUES (30,'da_DK.utf8','Indkomst');
INSERT INTO `accountsection` VALUES (40,'da_DK.utf8','Omkostninger');

INSERT INTO `accountgroups` VALUES ('KAPITALFORHOLD','10','da_DK.utf8',10,0,1000,'','');
INSERT INTO `accountgroups` VALUES ('DELKAPITAL','100','da_DK.utf8',20,0,6000,'','');
INSERT INTO `accountgroups` VALUES ('OMKOSTNING AF SOLGTE VARER','20','da_DK.utf8',40,1,8000,'','');
INSERT INTO `accountgroups` VALUES ('OMSÆTNINGSAKTIVER','30','da_DK.utf8',10,0,3000,'','');
INSERT INTO `accountgroups` VALUES ('NUVÆRENDE FORPLIGTELSER','40','da_DK.utf8',10,0,4000,'','');
INSERT INTO `accountgroups` VALUES ('GENERELLE & ADMINISTRATIVE UDGIFTER','50','da_DK.utf8',40,1,10000,'','');
INSERT INTO `accountgroups` VALUES ('LAGERBEHANDLINGER','60','da_DK.utf8',10,0,2000,'','');
INSERT INTO `accountgroups` VALUES ('LANGSIKTIGE FORPLIGTELSER','70','da_DK.utf8',20,0,5000,'','');
INSERT INTO `accountgroups` VALUES ('BETALINGSUDGIFTER','80','da_DK.utf8',40,1,9000,'','');
INSERT INTO `accountgroups` VALUES ('SALGSINDTÆGTER','90','da_DK.utf8',30,1,7000,'','');

INSERT INTO `chartmaster` VALUES ('0010','da_DK.utf8','Fritagsejendom','KAPITALFORHOLD',-1,'10');
INSERT INTO `chartmaster` VALUES ('0011','da_DK.utf8','Velvilje','KAPITALFORHOLD',-1,'10');
INSERT INTO `chartmaster` VALUES ('0012','da_DK.utf8','Velvilje Amortisering','KAPITALFORHOLD',-1,'10');
INSERT INTO `chartmaster` VALUES ('0020','da_DK.utf8','Anlæg og maskiner','KAPITALFORHOLD',-1,'10');
INSERT INTO `chartmaster` VALUES ('0021','da_DK.utf8','Afskrivning af anlæg / maskiner','KAPITALFORHOLD',-1,'10');
INSERT INTO `chartmaster` VALUES ('0030','da_DK.utf8','Kontorudstyr','KAPITALFORHOLD',-1,'10');
INSERT INTO `chartmaster` VALUES ('0031','da_DK.utf8','Afskrivning af kontorudstyr','KAPITALFORHOLD',-1,'10');
INSERT INTO `chartmaster` VALUES ('0040','da_DK.utf8','Møbler og inventar','KAPITALFORHOLD',-1,'10');
INSERT INTO `chartmaster` VALUES ('0041','da_DK.utf8','Møbler / inventar afskrivning','KAPITALFORHOLD',-1,'10');
INSERT INTO `chartmaster` VALUES ('0050','da_DK.utf8','Motorkøretøjer','KAPITALFORHOLD',-1,'10');
INSERT INTO `chartmaster` VALUES ('0051','da_DK.utf8','Afskrivning på motorkøretøjer','KAPITALFORHOLD',-1,'10');
INSERT INTO `chartmaster` VALUES ('1001','da_DK.utf8','Beholdning','LAGERBEHANDLINGER',-1,'60');
INSERT INTO `chartmaster` VALUES ('1002','da_DK.utf8','Arbejde der er i gang','LAGERBEHANDLINGER',-1,'60');
INSERT INTO `chartmaster` VALUES ('1100','da_DK.utf8','Debtorkontrolkonto','OMSÆTNINGSAKTIVER',-1,'30');
INSERT INTO `chartmaster` VALUES ('1102','da_DK.utf8','Andre debitorer','OMSÆTNINGSAKTIVER',-1,'30');
INSERT INTO `chartmaster` VALUES ('1103','da_DK.utf8','Forudbetalinger','OMSÆTNINGSAKTIVER',-1,'30');
INSERT INTO `chartmaster` VALUES ('1200','da_DK.utf8','Bankens løbende konto','OMSÆTNINGSAKTIVER',-1,'30');
INSERT INTO `chartmaster` VALUES ('1210','da_DK.utf8','Bankindskudskonto','OMSÆTNINGSAKTIVER',-1,'30');
INSERT INTO `chartmaster` VALUES ('1220','da_DK.utf8','Opsparingskonto','OMSÆTNINGSAKTIVER',-1,'30');
INSERT INTO `chartmaster` VALUES ('1230','da_DK.utf8','Småpenge','OMSÆTNINGSAKTIVER',-1,'30');
INSERT INTO `chartmaster` VALUES ('1240','da_DK.utf8','Virksomhedens kreditkort','OMSÆTNINGSAKTIVER',-1,'30');
INSERT INTO `chartmaster` VALUES ('2100','da_DK.utf8','Kreditorkontrolkonto','NUVÆRENDE FORPLIGTELSER',-1,'40');
INSERT INTO `chartmaster` VALUES ('2102','da_DK.utf8','Andre kreditorer','NUVÆRENDE FORPLIGTELSER',-1,'40');
INSERT INTO `chartmaster` VALUES ('2109','da_DK.utf8','Periodeafgrænsningsposter','NUVÆRENDE FORPLIGTELSER',-1,'40');
INSERT INTO `chartmaster` VALUES ('2200','da_DK.utf8','Moms (17,5%)','NUVÆRENDE FORPLIGTELSER',-1,'40');
INSERT INTO `chartmaster` VALUES ('2205','da_DK.utf8','Moms (5%)','NUVÆRENDE FORPLIGTELSER',-1,'40');
INSERT INTO `chartmaster` VALUES ('2210','da_DK.utf8','Indkomstskat og national forsikring','NUVÆRENDE FORPLIGTELSER',-1,'40');
INSERT INTO `chartmaster` VALUES ('2220','da_DK.utf8','Nettoløn','NUVÆRENDE FORPLIGTELSER',-1,'40');
INSERT INTO `chartmaster` VALUES ('2250','da_DK.utf8','Selskabsskat','NUVÆRENDE FORPLIGTELSER',-1,'40');
INSERT INTO `chartmaster` VALUES ('2300','da_DK.utf8','Banklån','LANGSIKTIGE FORPLIGTELSER',-1,'70');
INSERT INTO `chartmaster` VALUES ('2305','da_DK.utf8','Direktørens lånekonto','LANGSIKTIGE FORPLIGTELSER',-1,'70');
INSERT INTO `chartmaster` VALUES ('2310','da_DK.utf8','Afbetaling','LANGSIKTIGE FORPLIGTELSER',-1,'70');
INSERT INTO `chartmaster` VALUES ('2330','da_DK.utf8','Realkreditlån','LANGSIKTIGE FORPLIGTELSER',-1,'70');
INSERT INTO `chartmaster` VALUES ('3000','da_DK.utf8','Ordinære aktier','DELKAPITAL',-1,'100');
INSERT INTO `chartmaster` VALUES ('3010','da_DK.utf8','Præferencer','DELKAPITAL',-1,'100');
INSERT INTO `chartmaster` VALUES ('3100','da_DK.utf8','Del Premium-konto','DELKAPITAL',-1,'100');
INSERT INTO `chartmaster` VALUES ('3200','da_DK.utf8','Indtægts-og tabskonto','DELKAPITAL',-1,'100');
INSERT INTO `chartmaster` VALUES ('4000','da_DK.utf8','Salg','SALGSINDTÆGTER',-1,'90');
INSERT INTO `chartmaster` VALUES ('4009','da_DK.utf8','Tilladte rabatter','SALGSINDTÆGTER',-1,'90');
INSERT INTO `chartmaster` VALUES ('4010','da_DK.utf8','Eksportsalg','SALGSINDTÆGTER',-1,'90');
INSERT INTO `chartmaster` VALUES ('4900','da_DK.utf8','Diverse indtægter','SALGSINDTÆGTER',-1,'90');
INSERT INTO `chartmaster` VALUES ('4904','da_DK.utf8','Lejeindkomst','SALGSINDTÆGTER',-1,'90');
INSERT INTO `chartmaster` VALUES ('4906','da_DK.utf8','Modtaget rente','SALGSINDTÆGTER',-1,'90');
INSERT INTO `chartmaster` VALUES ('4920','da_DK.utf8','Valutakursgevinst','SALGSINDTÆGTER',-1,'90');
INSERT INTO `chartmaster` VALUES ('5000','da_DK.utf8','Indkøbte materialer','OMKOSTNING AF SOLGTE VARER',-1,'20');
INSERT INTO `chartmaster` VALUES ('5001','da_DK.utf8','Importerede materialer','OMKOSTNING AF SOLGTE VARER',-1,'20');
INSERT INTO `chartmaster` VALUES ('5002','da_DK.utf8','Åbningslager','OMKOSTNING AF SOLGTE VARER',-1,'20');
INSERT INTO `chartmaster` VALUES ('5003','da_DK.utf8','Lukkende bestand','OMKOSTNING AF SOLGTE VARER',-1,'20');
INSERT INTO `chartmaster` VALUES ('5200','da_DK.utf8','Emballage','OMKOSTNING AF SOLGTE VARER',-1,'20');
INSERT INTO `chartmaster` VALUES ('5201','da_DK.utf8','Rabatter Taken','OMKOSTNING AF SOLGTE VARER',-1,'20');
INSERT INTO `chartmaster` VALUES ('5202','da_DK.utf8','Vogn','OMKOSTNING AF SOLGTE VARER',-1,'20');
INSERT INTO `chartmaster` VALUES ('5203','da_DK.utf8','Importtold','OMKOSTNING AF SOLGTE VARER',-1,'20');
INSERT INTO `chartmaster` VALUES ('5204','da_DK.utf8','Transportforsikring','OMKOSTNING AF SOLGTE VARER',-1,'20');
INSERT INTO `chartmaster` VALUES ('5205','da_DK.utf8','Leje af udstyr','OMKOSTNING AF SOLGTE VARER',-1,'20');
INSERT INTO `chartmaster` VALUES ('5220','da_DK.utf8','Valutatab','OMKOSTNING AF SOLGTE VARER',-1,'20');
INSERT INTO `chartmaster` VALUES ('6000','da_DK.utf8','Produktiv arbejdskraft','BETALINGSUDGIFTER',-1,'80');
INSERT INTO `chartmaster` VALUES ('6001','da_DK.utf8','Omkostninger ved salgsarbejde','BETALINGSUDGIFTER',-1,'80');
INSERT INTO `chartmaster` VALUES ('6002','da_DK.utf8','Underleverandører','BETALINGSUDGIFTER',-1,'80');
INSERT INTO `chartmaster` VALUES ('7000','da_DK.utf8','Personale lønninger og lønninger','BETALINGSUDGIFTER',-1,'80');
INSERT INTO `chartmaster` VALUES ('7002','da_DK.utf8','Bestyrelsens vederlag','BETALINGSUDGIFTER',-1,'80');
INSERT INTO `chartmaster` VALUES ('7006','da_DK.utf8','Arbejdsgivere national forsikring','BETALINGSUDGIFTER',-1,'80');
INSERT INTO `chartmaster` VALUES ('7007','da_DK.utf8','Arbejdsgiverpension','BETALINGSUDGIFTER',-1,'80');
INSERT INTO `chartmaster` VALUES ('7008','da_DK.utf8','Rekrutteringsudgifter','BETALINGSUDGIFTER',-1,'80');
INSERT INTO `chartmaster` VALUES ('7100','da_DK.utf8','Leje','GENERELLE & ADMINISTRATIVE UDGIFTER',-1,'50');
INSERT INTO `chartmaster` VALUES ('7102','da_DK.utf8','Vandpriser','GENERELLE & ADMINISTRATIVE UDGIFTER',-1,'50');
INSERT INTO `chartmaster` VALUES ('7103','da_DK.utf8','Generelle priser','GENERELLE & ADMINISTRATIVE UDGIFTER',-1,'50');
INSERT INTO `chartmaster` VALUES ('7104','da_DK.utf8','Lokaler Forsikring','GENERELLE & ADMINISTRATIVE UDGIFTER',-1,'50');
INSERT INTO `chartmaster` VALUES ('7200','da_DK.utf8','Lys og varme','GENERELLE & ADMINISTRATIVE UDGIFTER',-1,'50');
INSERT INTO `chartmaster` VALUES ('7300','da_DK.utf8','Motorudgifter','GENERELLE & ADMINISTRATIVE UDGIFTER',-1,'50');
INSERT INTO `chartmaster` VALUES ('7350','da_DK.utf8','Rejseudgifter','GENERELLE & ADMINISTRATIVE UDGIFTER',-1,'50');
INSERT INTO `chartmaster` VALUES ('7400','da_DK.utf8','Annonceringsudgifter','GENERELLE & ADMINISTRATIVE UDGIFTER',-1,'50');
INSERT INTO `chartmaster` VALUES ('7402','da_DK.utf8','Reklame','GENERELLE & ADMINISTRATIVE UDGIFTER',-1,'50');
INSERT INTO `chartmaster` VALUES ('7403','da_DK.utf8','Danmarks underholdning','GENERELLE & ADMINISTRATIVE UDGIFTER',-1,'50');
INSERT INTO `chartmaster` VALUES ('7404','da_DK.utf8','Oversøisk underholdning','GENERELLE & ADMINISTRATIVE UDGIFTER',-1,'50');
INSERT INTO `chartmaster` VALUES ('7500','da_DK.utf8','Porto og transport','GENERELLE & ADMINISTRATIVE UDGIFTER',-1,'50');
INSERT INTO `chartmaster` VALUES ('7501','da_DK.utf8','Kontorartikler','GENERELLE & ADMINISTRATIVE UDGIFTER',-1,'50');
INSERT INTO `chartmaster` VALUES ('7502','da_DK.utf8','Telefon','GENERELLE & ADMINISTRATIVE UDGIFTER',-1,'50');
INSERT INTO `chartmaster` VALUES ('7506','da_DK.utf8','Webstedets omkostninger','GENERELLE & ADMINISTRATIVE UDGIFTER',-1,'50');
INSERT INTO `chartmaster` VALUES ('7600','da_DK.utf8','Juridiske omkostninger','GENERELLE & ADMINISTRATIVE UDGIFTER',-1,'50');
INSERT INTO `chartmaster` VALUES ('7601','da_DK.utf8','Gebyrer for revision og regnskab','GENERELLE & ADMINISTRATIVE UDGIFTER',-1,'50');
INSERT INTO `chartmaster` VALUES ('7603','da_DK.utf8','Professionelle gebyrer','GENERELLE & ADMINISTRATIVE UDGIFTER',-1,'50');
INSERT INTO `chartmaster` VALUES ('7701','da_DK.utf8','Vedligeholdelse af kontormaskiner','GENERELLE & ADMINISTRATIVE UDGIFTER',-1,'50');
INSERT INTO `chartmaster` VALUES ('7710','da_DK.utf8','Computerudgifter','GENERELLE & ADMINISTRATIVE UDGIFTER',-1,'50');
INSERT INTO `chartmaster` VALUES ('7800','da_DK.utf8','Reparationer og fornyelser','GENERELLE & ADMINISTRATIVE UDGIFTER',-1,'50');
INSERT INTO `chartmaster` VALUES ('7801','da_DK.utf8','Rengøring','GENERELLE & ADMINISTRATIVE UDGIFTER',-1,'50');
INSERT INTO `chartmaster` VALUES ('7802','da_DK.utf8','Vasketøj','GENERELLE & ADMINISTRATIVE UDGIFTER',-1,'50');
INSERT INTO `chartmaster` VALUES ('7900','da_DK.utf8','Bankrenter betalt','GENERELLE & ADMINISTRATIVE UDGIFTER',-1,'50');
INSERT INTO `chartmaster` VALUES ('7901','da_DK.utf8','Bankudgifter','GENERELLE & ADMINISTRATIVE UDGIFTER',-1,'50');
INSERT INTO `chartmaster` VALUES ('7903','da_DK.utf8','Lånerenter betalt','GENERELLE & ADMINISTRATIVE UDGIFTER',-1,'50');
INSERT INTO `chartmaster` VALUES ('7904','da_DK.utf8','Lej købsrenter','GENERELLE & ADMINISTRATIVE UDGIFTER',-1,'50');
INSERT INTO `chartmaster` VALUES ('8000','da_DK.utf8','Afskrivninger','GENERELLE & ADMINISTRATIVE UDGIFTER',-1,'50');
INSERT INTO `chartmaster` VALUES ('8005','da_DK.utf8','Goodwillafskrivning','GENERELLE & ADMINISTRATIVE UDGIFTER',-1,'50');
INSERT INTO `chartmaster` VALUES ('8100','da_DK.utf8','Afskrivning af dårlig gæld','GENERELLE & ADMINISTRATIVE UDGIFTER',-1,'50');
INSERT INTO `chartmaster` VALUES ('8201','da_DK.utf8','Abonnementer','GENERELLE & ADMINISTRATIVE UDGIFTER',-1,'50');
INSERT INTO `chartmaster` VALUES ('8202','da_DK.utf8','Tøjomkostninger','GENERELLE & ADMINISTRATIVE UDGIFTER',-1,'50');
INSERT INTO `chartmaster` VALUES ('8203','da_DK.utf8','Træningsomkostninger','GENERELLE & ADMINISTRATIVE UDGIFTER',-1,'50');
INSERT INTO `chartmaster` VALUES ('8204','da_DK.utf8','Forsikring','GENERELLE & ADMINISTRATIVE UDGIFTER',-1,'50');
INSERT INTO `chartmaster` VALUES ('8205','da_DK.utf8','Forfriskninger','GENERELLE & ADMINISTRATIVE UDGIFTER',-1,'50');
INSERT INTO `chartmaster` VALUES ('8500','da_DK.utf8','Udbytte','GENERELLE & ADMINISTRATIVE UDGIFTER',-1,'50');
INSERT INTO `chartmaster` VALUES ('8600','da_DK.utf8','Selskabsskat','GENERELLE & ADMINISTRATIVE UDGIFTER',-1,'50');
INSERT INTO `chartmaster` VALUES ('9999','da_DK.utf8','Spændingskonto','GENERELLE & ADMINISTRATIVE UDGIFTER',-1,'50');
