
INSERT INTO `accountsection` VALUES (10,'de_AT.utf8','Aktiven');
INSERT INTO `accountsection` VALUES (20,'de_AT.utf8','Passiven');
INSERT INTO `accountsection` VALUES (30,'de_AT.utf8','Erfolg');
INSERT INTO `accountsection` VALUES (40,'de_AT.utf8','Aufwand');

INSERT INTO `accountgroups` VALUES ('ABSCHREIBUNGEN','10','de_AT.utf8',40,1,32767,'','');
INSERT INTO `accountgroups` VALUES ('FINANZANLAGEN','100','de_AT.utf8',10,0,8000,'','');
INSERT INTO `accountgroups` VALUES ('FINANZERTR','110','de_AT.utf8',20,0,32767,'','');
INSERT INTO `accountgroups` VALUES ('FORDERUNGEN AUS ABGABENVERRECH','120','de_AT.utf8',10,0,20000,'','');
INSERT INTO `accountgroups` VALUES ('FORDEUNGEN AUS LIEFERUNGEN UND','130','de_AT.utf8',10,0,18000,'','');
INSERT INTO `accountgroups` VALUES ('FREIWILLIGER SOZIALAUFWAND','140','de_AT.utf8',40,1,32767,'','');
INSERT INTO `accountgroups` VALUES ('GEAHLTSAUFWAND','150','de_AT.utf8',40,1,32767,'','');
INSERT INTO `accountgroups` VALUES ('GELEISTETE ANZAHLUNGEN','160','de_AT.utf8',10,0,7000,'','');
INSERT INTO `accountgroups` VALUES ('GELEISTETE ANZAHLUNGEN 2','170','de_AT.utf8',10,0,16000,'','');
INSERT INTO `accountgroups` VALUES ('GESETZLICHER SOZIALAUFWAND','180','de_AT.utf8',40,1,32767,'','');
INSERT INTO `accountgroups` VALUES ('GEWINN','190','de_AT.utf8',20,0,32767,'','');
INSERT INTO `accountgroups` VALUES ('AUFWENDUNGEN F','20','de_AT.utf8',10,0,1000,'','');
INSERT INTO `accountgroups` VALUES ('GRUNDST','200','de_AT.utf8',10,0,3000,'','');
INSERT INTO `accountgroups` VALUES ('HILFS- UND BETRIEBSSTOFFE','210','de_AT.utf8',10,0,11000,'','');
INSERT INTO `accountgroups` VALUES ('IMMATERIELLE VERM','220','de_AT.utf8',10,0,2000,'','');
INSERT INTO `accountgroups` VALUES ('INSTANDHALTUNGSAUFWAND','230','de_AT.utf8',40,1,32767,'','');
INSERT INTO `accountgroups` VALUES ('KAPITAL','240','de_AT.utf8',20,0,32767,'','');
INSERT INTO `accountgroups` VALUES ('KAPITALR','250','de_AT.utf8',20,0,32767,'','');
INSERT INTO `accountgroups` VALUES ('KASSABESTAND','260','de_AT.utf8',10,0,22000,'','');
INSERT INTO `accountgroups` VALUES ('LANGFRISTIGE VERBINDLICHKEITEN','270','de_AT.utf8',20,0,24000,'','');
INSERT INTO `accountgroups` VALUES ('LOHNAUFWAND','280','de_AT.utf8',40,1,32000,'','');
INSERT INTO `accountgroups` VALUES ('MASCHINEN','290','de_AT.utf8',10,0,4000,'','');
INSERT INTO `accountgroups` VALUES ('BETEILIGUNGSERTR','30','de_AT.utf8',30,1,32767,'','');
INSERT INTO `accountgroups` VALUES ('MIET-,PACHT-,LEASING-, LIZENZA','300','de_AT.utf8',40,1,32767,'','');
INSERT INTO `accountgroups` VALUES ('NOCH NICHT ABGERECHNETE LEISTU','310','de_AT.utf8',10,0,15000,'','');
INSERT INTO `accountgroups` VALUES ('R','320','de_AT.utf8',20,0,32767,'','');
INSERT INTO `accountgroups` VALUES ('ROHSTOFFE','330','de_AT.utf8',10,0,9000,'','');
INSERT INTO `accountgroups` VALUES ('SCHECKS, GUTHABEN BEI KREDITIN','340','de_AT.utf8',10,0,23000,'','');
INSERT INTO `accountgroups` VALUES ('SONSTIGE ERL','350','de_AT.utf8',30,1,29000,'','');
INSERT INTO `accountgroups` VALUES ('SONSTIGE FORDERUNGEN','360','de_AT.utf8',10,0,19000,'','');
INSERT INTO `accountgroups` VALUES ('SONSTIGE STEUERN','370','de_AT.utf8',40,1,32767,'','');
INSERT INTO `accountgroups` VALUES ('TRANSPORTKOSTEN','380','de_AT.utf8',20,0,32767,'','');
INSERT INTO `accountgroups` VALUES ('UMSATZ','390','de_AT.utf8',30,1,27000,'','');
INSERT INTO `accountgroups` VALUES ('BETRIEBS- UND GESCH','40','de_AT.utf8',10,0,6000,'','');
INSERT INTO `accountgroups` VALUES ('UMSATZ BERATUNG','400','de_AT.utf8',30,1,28000,'','');
INSERT INTO `accountgroups` VALUES ('UNFERTIGE ERZEUGNISSE','410','de_AT.utf8',10,0,12000,'','');
INSERT INTO `accountgroups` VALUES ('VERBINDLICHKEITEN AUS LIEFERUN','420','de_AT.utf8',20,0,25000,'','');
INSERT INTO `accountgroups` VALUES ('VERBINDLICHKEITEN FINANZAMT','430','de_AT.utf8',20,0,26000,'','');
INSERT INTO `accountgroups` VALUES ('VERBRAUCH BRENN- UND TREIBSTOF','440','de_AT.utf8',30,1,31000,'','');
INSERT INTO `accountgroups` VALUES ('VERSICHERUNGEN','450','de_AT.utf8',40,1,32767,'','');
INSERT INTO `accountgroups` VALUES ('VERWALTUNGSKOSTEN','460','de_AT.utf8',40,1,32767,'','');
INSERT INTO `accountgroups` VALUES ('WAREN','470','de_AT.utf8',10,0,14000,'','');
INSERT INTO `accountgroups` VALUES ('WARENEINSATZ','480','de_AT.utf8',40,1,30000,'','');
INSERT INTO `accountgroups` VALUES ('WERTBERICHTIGUNGEN','490','de_AT.utf8',10,0,17000,'','');
INSERT INTO `accountgroups` VALUES ('BEZOGENE TEILE','50','de_AT.utf8',10,0,10000,'','');
INSERT INTO `accountgroups` VALUES ('WERTPAPIERE UND ANTEILE','500','de_AT.utf8',10,0,21000,'','');
INSERT INTO `accountgroups` VALUES ('EB,SB,G+V KONTEN','60','de_AT.utf8',20,0,32767,'','');
INSERT INTO `accountgroups` VALUES ('EINLAGEN STILLER GESELLSCHAFTE','70','de_AT.utf8',20,0,32767,'','');
INSERT INTO `accountgroups` VALUES ('FAHRZEUGE','80','de_AT.utf8',10,0,5000,'','');
INSERT INTO `accountgroups` VALUES ('FERTIGE ERZEUGNISSE','90','de_AT.utf8',10,0,13000,'','');

INSERT INTO `chartmaster` VALUES ('0010','de_AT.utf8','Firmenwert','AUFWENDUNGEN F',-1,'20');
INSERT INTO `chartmaster` VALUES ('0110','de_AT.utf8','Rechte','IMMATERIELLE VERM',-1,'220');
INSERT INTO `chartmaster` VALUES ('0210','de_AT.utf8','unbebaute Grundst','GRUNDST',-1,'200');
INSERT INTO `chartmaster` VALUES ('0220','de_AT.utf8','bebaute Grundst','GRUNDST',-1,'200');
INSERT INTO `chartmaster` VALUES ('0229','de_AT.utf8','kum. Abschreibung bebaute Grundst','GRUNDST',-1,'200');
INSERT INTO `chartmaster` VALUES ('0410','de_AT.utf8','Maschinen','MASCHINEN',-1,'290');
INSERT INTO `chartmaster` VALUES ('0419','de_AT.utf8','kum. Abschreibung Maschinen','MASCHINEN',-1,'290');
INSERT INTO `chartmaster` VALUES ('0510','de_AT.utf8','Fahrzeuge','FAHRZEUGE',-1,'80');
INSERT INTO `chartmaster` VALUES ('0519','de_AT.utf8','kum. Abschreibung Fahrzeuge','FAHRZEUGE',-1,'80');
INSERT INTO `chartmaster` VALUES ('0620','de_AT.utf8','B','BETRIEBS- UND GESCH',-1,'40');
INSERT INTO `chartmaster` VALUES ('0625','de_AT.utf8','kum. Abschreibung Betriebs- und Gesch','BETRIEBS- UND GESCH',-1,'40');
INSERT INTO `chartmaster` VALUES ('0810','de_AT.utf8','Beteiligungen','FINANZANLAGEN',-1,'100');
INSERT INTO `chartmaster` VALUES ('0820','de_AT.utf8','Wertpapiere','FINANZANLAGEN',-1,'100');
INSERT INTO `chartmaster` VALUES ('1120','de_AT.utf8','Vorr','ROHSTOFFE',-1,'330');
INSERT INTO `chartmaster` VALUES ('1220','de_AT.utf8','Vorr','BEZOGENE TEILE',-1,'50');
INSERT INTO `chartmaster` VALUES ('1320','de_AT.utf8','Hilfsstoffe','HILFS- UND BETRIEBSSTOFFE',-1,'210');
INSERT INTO `chartmaster` VALUES ('1350','de_AT.utf8','Betriebssstoffe','HILFS- UND BETRIEBSSTOFFE',-1,'210');
INSERT INTO `chartmaster` VALUES ('1420','de_AT.utf8','Vorr','UNFERTIGE ERZEUGNISSE',-1,'410');
INSERT INTO `chartmaster` VALUES ('1520','de_AT.utf8','Vorr','FERTIGE ERZEUGNISSE',-1,'90');
INSERT INTO `chartmaster` VALUES ('1530','de_AT.utf8','Vorr','FERTIGE ERZEUGNISSE',-1,'90');
INSERT INTO `chartmaster` VALUES ('1540','de_AT.utf8','Vorr','FERTIGE ERZEUGNISSE',-1,'90');
INSERT INTO `chartmaster` VALUES ('2010','de_AT.utf8','Forderungen Lieferung & Leistung','FORDEUNGEN AUS LIEFERUNGEN UND',-1,'130');
INSERT INTO `chartmaster` VALUES ('2019','de_AT.utf8','Wertberichtigung uneinbringliche Forderungen','FORDEUNGEN AUS LIEFERUNGEN UND',-1,'130');
INSERT INTO `chartmaster` VALUES ('2320','de_AT.utf8','sonstige Forderungen','SONSTIGE FORDERUNGEN',-1,'360');
INSERT INTO `chartmaster` VALUES ('2520','de_AT.utf8','sonstige Forderungen aus Abgebenverrechnung','FORDERUNGEN AUS ABGABENVERRECH',-1,'120');
INSERT INTO `chartmaster` VALUES ('2620','de_AT.utf8','Wertpapiere Umlaufverm','WERTPAPIERE UND ANTEILE',-1,'500');
INSERT INTO `chartmaster` VALUES ('2701','de_AT.utf8','Kassa','KASSABESTAND',-1,'260');
INSERT INTO `chartmaster` VALUES ('2810','de_AT.utf8','Schecks','SCHECKS, GUTHABEN BEI KREDITIN',-1,'340');
INSERT INTO `chartmaster` VALUES ('2820','de_AT.utf8','Bankguthaben','SCHECKS, GUTHABEN BEI KREDITIN',-1,'340');
INSERT INTO `chartmaster` VALUES ('3110','de_AT.utf8','Bank Verbindlichkeiten','LANGFRISTIGE VERBINDLICHKEITEN',-1,'270');
INSERT INTO `chartmaster` VALUES ('3120','de_AT.utf8','Kredite von Eigent','LANGFRISTIGE VERBINDLICHKEITEN',-1,'270');
INSERT INTO `chartmaster` VALUES ('3310','de_AT.utf8','Verbindlichkeiten aus Lieferungen und Leistungen','VERBINDLICHKEITEN AUS LIEFERUN',-1,'420');
INSERT INTO `chartmaster` VALUES ('3510','de_AT.utf8','Finanzamt Verrechnung K','VERBINDLICHKEITEN FINANZAMT',-1,'430');
INSERT INTO `chartmaster` VALUES ('3520','de_AT.utf8','Finanzamt Verrechnung Umsatzsteuer','VERBINDLICHKEITEN FINANZAMT',-1,'430');
INSERT INTO `chartmaster` VALUES ('3530','de_AT.utf8','Umsatzsteuer 0%','VERBINDLICHKEITEN FINANZAMT',-1,'430');
INSERT INTO `chartmaster` VALUES ('3531','de_AT.utf8','Umsatzsteuer 10%','VERBINDLICHKEITEN FINANZAMT',-1,'430');
INSERT INTO `chartmaster` VALUES ('3532','de_AT.utf8','Umsatzsteuer 20%','VERBINDLICHKEITEN FINANZAMT',-1,'430');
INSERT INTO `chartmaster` VALUES ('3540','de_AT.utf8','Vorsteuer 0%','VERBINDLICHKEITEN FINANZAMT',-1,'430');
INSERT INTO `chartmaster` VALUES ('3541','de_AT.utf8','Vorsteuer 10%','VERBINDLICHKEITEN FINANZAMT',-1,'430');
INSERT INTO `chartmaster` VALUES ('3542','de_AT.utf8','Vorsteuer 20%','VERBINDLICHKEITEN FINANZAMT',-1,'430');
INSERT INTO `chartmaster` VALUES ('4020','de_AT.utf8','Verkauf - Hardware','UMSATZ',-1,'390');
INSERT INTO `chartmaster` VALUES ('4030','de_AT.utf8','Verkauf - Software','UMSATZ',-1,'390');
INSERT INTO `chartmaster` VALUES ('4040','de_AT.utf8','Verkauf - Ersatzteile','UMSATZ',-1,'390');
INSERT INTO `chartmaster` VALUES ('4320','de_AT.utf8','Erl','UMSATZ BERATUNG',-1,'400');
INSERT INTO `chartmaster` VALUES ('4330','de_AT.utf8','Erl','UMSATZ BERATUNG',-1,'400');
INSERT INTO `chartmaster` VALUES ('4630','de_AT.utf8','Frachterl','SONSTIGE ERL',-1,'350');
INSERT INTO `chartmaster` VALUES ('4640','de_AT.utf8','Devisengewinne','SONSTIGE ERL',-1,'350');
INSERT INTO `chartmaster` VALUES ('5020','de_AT.utf8','Wareneinsatz / Hardware','WARENEINSATZ',-1,'480');
INSERT INTO `chartmaster` VALUES ('5030','de_AT.utf8','Wareneinsatz / Software','WARENEINSATZ',-1,'480');
INSERT INTO `chartmaster` VALUES ('5040','de_AT.utf8','Wareneinsatz / Ersatzteile','WARENEINSATZ',-1,'480');
INSERT INTO `chartmaster` VALUES ('5610','de_AT.utf8','Energie, Wasser','VERBRAUCH BRENN- UND TREIBSTOF',-1,'440');
INSERT INTO `chartmaster` VALUES ('6010','de_AT.utf8','Lohn','LOHNAUFWAND',-1,'280');
INSERT INTO `chartmaster` VALUES ('6210','de_AT.utf8','Gehalt','GEAHLTSAUFWAND',-1,'150');
INSERT INTO `chartmaster` VALUES ('6510','de_AT.utf8','Dienstgeberanteile','GESETZLICHER SOZIALAUFWAND',-1,'180');
INSERT INTO `chartmaster` VALUES ('6710','de_AT.utf8','freiwilliger Sozialaufwand','FREIWILLIGER SOZIALAUFWAND',-1,'140');
INSERT INTO `chartmaster` VALUES ('7010','de_AT.utf8','Abschreibungen','ABSCHREIBUNGEN',-1,'10');
INSERT INTO `chartmaster` VALUES ('7020','de_AT.utf8','geringwertige Wirtschaftsg','ABSCHREIBUNGEN',-1,'10');
INSERT INTO `chartmaster` VALUES ('7110','de_AT.utf8','Ertragssteuern','SONSTIGE STEUERN',-1,'370');
INSERT INTO `chartmaster` VALUES ('7120','de_AT.utf8','Grundsteuern','SONSTIGE STEUERN',-1,'370');
INSERT INTO `chartmaster` VALUES ('7210','de_AT.utf8','Reparatur und Instandhaltung','INSTANDHALTUNGSAUFWAND',-1,'230');
INSERT INTO `chartmaster` VALUES ('7310','de_AT.utf8','Frachtaufwand','TRANSPORTKOSTEN',-1,'380');
INSERT INTO `chartmaster` VALUES ('7410','de_AT.utf8','Miete','MIET-,PACHT-,LEASING-, LIZENZA',-1,'300');
INSERT INTO `chartmaster` VALUES ('7411','de_AT.utf8','Lizenzen','MIET-,PACHT-,LEASING-, LIZENZA',-1,'300');
INSERT INTO `chartmaster` VALUES ('7610','de_AT.utf8','Beratungsaufwand','VERWALTUNGSKOSTEN',-1,'460');
INSERT INTO `chartmaster` VALUES ('7611','de_AT.utf8','B','VERWALTUNGSKOSTEN',-1,'460');
INSERT INTO `chartmaster` VALUES ('7615','de_AT.utf8','Werbung und Marketing','VERWALTUNGSKOSTEN',-1,'460');
INSERT INTO `chartmaster` VALUES ('7620','de_AT.utf8','uneinbringliche Forderungen','VERWALTUNGSKOSTEN',-1,'460');
INSERT INTO `chartmaster` VALUES ('7630','de_AT.utf8','Telephonkosten','VERWALTUNGSKOSTEN',-1,'460');
INSERT INTO `chartmaster` VALUES ('7631','de_AT.utf8','Internetkosten','VERWALTUNGSKOSTEN',-1,'460');
INSERT INTO `chartmaster` VALUES ('7632','de_AT.utf8','Reise- und Repr','VERWALTUNGSKOSTEN',-1,'460');
INSERT INTO `chartmaster` VALUES ('7634','de_AT.utf8','Registrierungsgeb','VERWALTUNGSKOSTEN',-1,'460');
INSERT INTO `chartmaster` VALUES ('7710','de_AT.utf8','Versicherung','VERSICHERUNGEN',-1,'450');
INSERT INTO `chartmaster` VALUES ('8020','de_AT.utf8','Bankzinsen und Geb','FINANZERTR',-1,'110');
INSERT INTO `chartmaster` VALUES ('8050','de_AT.utf8','Devisenverluste','FINANZERTR',-1,'110');
INSERT INTO `chartmaster` VALUES ('8110','de_AT.utf8','Ertr','BETEILIGUNGSERTR',-1,'30');
INSERT INTO `chartmaster` VALUES ('9010','de_AT.utf8','Aktien, Gesch','KAPITAL',-1,'240');
INSERT INTO `chartmaster` VALUES ('9020','de_AT.utf8','nicht einbezahltes Kapital','KAPITAL',-1,'240');
INSERT INTO `chartmaster` VALUES ('9210','de_AT.utf8','freie R','KAPITALR',-1,'250');
INSERT INTO `chartmaster` VALUES ('9310','de_AT.utf8','Gewinnvortrag Vorjahr','GEWINN',-1,'190');
INSERT INTO `chartmaster` VALUES ('9320','de_AT.utf8','Jahresgewinn','GEWINN',-1,'190');
INSERT INTO `chartmaster` VALUES ('9420','de_AT.utf8','Abfertigungsr','R',-1,'320');
INSERT INTO `chartmaster` VALUES ('9430','de_AT.utf8','Urlaubsr','R',-1,'320');
