
INSERT INTO `accountsection` VALUES (10,'en_CA.utf8','Assets');
INSERT INTO `accountsection` VALUES (10,'fr_CA.utf8','Assets');
INSERT INTO `accountsection` VALUES (20,'en_CA.utf8','Liabilities');
INSERT INTO `accountsection` VALUES (20,'fr_CA.utf8','Liabilities');
INSERT INTO `accountsection` VALUES (30,'en_CA.utf8','Income');
INSERT INTO `accountsection` VALUES (30,'fr_CA.utf8','Income');
INSERT INTO `accountsection` VALUES (40,'en_CA.utf8','Costs');
INSERT INTO `accountsection` VALUES (40,'fr_CA.utf8','Costs');

INSERT INTO `accountgroups` VALUES ('CAPITAL ASSETS','10','en_CA.utf8',10,0,3000,'','');
INSERT INTO `accountgroups` VALUES ('ACTIF COURANT','10','fr_CA.utf8',10,0,1000,'','');
INSERT INTO `accountgroups` VALUES ('PAYROLL EXPENSES','100','en_CA.utf8',40,1,11000,'','');
INSERT INTO `accountgroups` VALUES ('RETENUES SUR SALAIRE','100','fr_CA.utf8',20,0,5000,'','');
INSERT INTO `accountgroups` VALUES ('SALES REVENUE','110','en_CA.utf8',30,1,8000,'','');
INSERT INTO `accountgroups` VALUES ('REVENUS DE VENTE','110','fr_CA.utf8',30,1,8000,'','');
INSERT INTO `accountgroups` VALUES ('SHARE CAPITAL','120','en_CA.utf8',20,0,7000,'','');
INSERT INTO `accountgroups` VALUES ('STOCKS','120','fr_CA.utf8',10,0,2000,'','');
INSERT INTO `accountgroups` VALUES ('COST OF GOODS SOLD','20','en_CA.utf8',40,1,10000,'','');
INSERT INTO `accountgroups` VALUES ('AUTRES IMMOBILISATIONS','20','fr_CA.utf8',10,0,3000,'','');
INSERT INTO `accountgroups` VALUES ('CURRENT ASSETS','30','en_CA.utf8',10,0,1000,'','');
INSERT INTO `accountgroups` VALUES ('AUTRES REVENUS','30','fr_CA.utf8',30,1,9000,'','');
INSERT INTO `accountgroups` VALUES ('CURRENT LIABILITIES','40','en_CA.utf8',20,0,4000,'','');
INSERT INTO `accountgroups` VALUES ('CAPITAL SOCIAL','40','fr_CA.utf8',20,0,7000,'','');
INSERT INTO `accountgroups` VALUES ('GENERAL & ADMINISTRATIVE EXPEN','50','en_CA.utf8',40,1,12000,'','');
INSERT INTO `accountgroups` VALUES ('CO','50','fr_CA.utf8',40,1,10000,'','');
INSERT INTO `accountgroups` VALUES ('INVENTORY ASSETS','60','en_CA.utf8',10,0,2000,'','');
INSERT INTO `accountgroups` VALUES ('D','60','fr_CA.utf8',40,1,12000,'','');
INSERT INTO `accountgroups` VALUES ('LONG TERM LIABILITIES','70','en_CA.utf8',20,0,6000,'','');
INSERT INTO `accountgroups` VALUES ('FRAIS DE PERSONNEL','70','fr_CA.utf8',40,1,11000,'','');
INSERT INTO `accountgroups` VALUES ('OTHER REVENUE','80','en_CA.utf8',30,1,9000,'','');
INSERT INTO `accountgroups` VALUES ('PASSIF','80','fr_CA.utf8',20,0,6000,'','');
INSERT INTO `accountgroups` VALUES ('PAYROLL DEDUCTIONS','90','en_CA.utf8',20,0,5000,'','');
INSERT INTO `accountgroups` VALUES ('PASSIF COURANT','90','fr_CA.utf8',20,0,4000,'','');

INSERT INTO `chartmaster` VALUES ('1060','en_CA.utf8','Chequing Account','CURRENT ASSETS',-1,'30');
INSERT INTO `chartmaster` VALUES ('1060','fr_CA.utf8','Compte ch','ACTIF COURANT',-1,'10');
INSERT INTO `chartmaster` VALUES ('1065','en_CA.utf8','Petty Cash','CURRENT ASSETS',-1,'30');
INSERT INTO `chartmaster` VALUES ('1065','fr_CA.utf8','Petite caisse','ACTIF COURANT',-1,'10');
INSERT INTO `chartmaster` VALUES ('1200','en_CA.utf8','Accounts Receivables','CURRENT ASSETS',-1,'30');
INSERT INTO `chartmaster` VALUES ('1200','fr_CA.utf8','Comptes clients','ACTIF COURANT',-1,'10');
INSERT INTO `chartmaster` VALUES ('1205','en_CA.utf8','Allowance for doubtful accounts','CURRENT ASSETS',-1,'30');
INSERT INTO `chartmaster` VALUES ('1205','fr_CA.utf8','Provisions pour cr','ACTIF COURANT',-1,'10');
INSERT INTO `chartmaster` VALUES ('1520','en_CA.utf8','Inventory / General','INVENTORY ASSETS',-1,'60');
INSERT INTO `chartmaster` VALUES ('1520','fr_CA.utf8','Stocks / G','STOCKS',-1,'120');
INSERT INTO `chartmaster` VALUES ('1530','en_CA.utf8','Inventory / Aftermarket Parts','INVENTORY ASSETS',-1,'60');
INSERT INTO `chartmaster` VALUES ('1530','fr_CA.utf8','Stocks / Pi','STOCKS',-1,'120');
INSERT INTO `chartmaster` VALUES ('1540','en_CA.utf8','Inventory / Raw Materials','INVENTORY ASSETS',-1,'60');
INSERT INTO `chartmaster` VALUES ('1540','fr_CA.utf8','Stocks / Mati','STOCKS',-1,'120');
INSERT INTO `chartmaster` VALUES ('1820','en_CA.utf8','Office Furniture & Equipment','CAPITAL ASSETS',-1,'10');
INSERT INTO `chartmaster` VALUES ('1820','fr_CA.utf8','Meubles et accessoires','AUTRES IMMOBILISATIONS',-1,'20');
INSERT INTO `chartmaster` VALUES ('1825','en_CA.utf8','Accum. Amort. -Furn. & Equip.','CAPITAL ASSETS',-1,'10');
INSERT INTO `chartmaster` VALUES ('1825','fr_CA.utf8','Amortissement cumul','AUTRES IMMOBILISATIONS',-1,'20');
INSERT INTO `chartmaster` VALUES ('1840','en_CA.utf8','Vehicle','CAPITAL ASSETS',-1,'10');
INSERT INTO `chartmaster` VALUES ('1840','fr_CA.utf8','V','AUTRES IMMOBILISATIONS',-1,'20');
INSERT INTO `chartmaster` VALUES ('1845','en_CA.utf8','Accum. Amort. -Vehicle','CAPITAL ASSETS',-1,'10');
INSERT INTO `chartmaster` VALUES ('1845','fr_CA.utf8','Amortissement cumul','AUTRES IMMOBILISATIONS',-1,'20');
INSERT INTO `chartmaster` VALUES ('2100','en_CA.utf8','Accounts Payable','CURRENT LIABILITIES',-1,'40');
INSERT INTO `chartmaster` VALUES ('2100','fr_CA.utf8','Comptes fournisseurs','PASSIF COURANT',-1,'90');
INSERT INTO `chartmaster` VALUES ('2160','en_CA.utf8','Federal Taxes Payable','CURRENT LIABILITIES',-1,'40');
INSERT INTO `chartmaster` VALUES ('2160','fr_CA.utf8','Taxes f','PASSIF COURANT',-1,'90');
INSERT INTO `chartmaster` VALUES ('2170','en_CA.utf8','Provincial Taxes Payable','CURRENT LIABILITIES',-1,'40');
INSERT INTO `chartmaster` VALUES ('2170','fr_CA.utf8','Taxes provinciales','PASSIF COURANT',-1,'90');
INSERT INTO `chartmaster` VALUES ('2310','en_CA.utf8','GST','CURRENT LIABILITIES',-1,'40');
INSERT INTO `chartmaster` VALUES ('2310','fr_CA.utf8','TPS','PASSIF COURANT',-1,'90');
INSERT INTO `chartmaster` VALUES ('2320','en_CA.utf8','PST','CURRENT LIABILITIES',-1,'40');
INSERT INTO `chartmaster` VALUES ('2320','fr_CA.utf8','TVQ','PASSIF COURANT',-1,'90');
INSERT INTO `chartmaster` VALUES ('2380','en_CA.utf8','Vacation Pay Payable','CURRENT LIABILITIES',-1,'40');
INSERT INTO `chartmaster` VALUES ('2380','fr_CA.utf8','Indemnit','PASSIF COURANT',-1,'90');
INSERT INTO `chartmaster` VALUES ('2390','en_CA.utf8','WCB Payable','CURRENT LIABILITIES',-1,'40');
INSERT INTO `chartmaster` VALUES ('2390','fr_CA.utf8','CSST','PASSIF COURANT',-1,'90');
INSERT INTO `chartmaster` VALUES ('2410','en_CA.utf8','EI Payable','PAYROLL DEDUCTIONS',-1,'90');
INSERT INTO `chartmaster` VALUES ('2410','fr_CA.utf8','Assurance-emploi','RETENUES SUR SALAIRE',-1,'100');
INSERT INTO `chartmaster` VALUES ('2420','en_CA.utf8','CPP Payable','PAYROLL DEDUCTIONS',-1,'90');
INSERT INTO `chartmaster` VALUES ('2420','fr_CA.utf8','RRQ','RETENUES SUR SALAIRE',-1,'100');
INSERT INTO `chartmaster` VALUES ('2450','en_CA.utf8','Income Tax Payable','PAYROLL DEDUCTIONS',-1,'90');
INSERT INTO `chartmaster` VALUES ('2450','fr_CA.utf8','Imp','RETENUES SUR SALAIRE',-1,'100');
INSERT INTO `chartmaster` VALUES ('2620','en_CA.utf8','Bank Loans','LONG TERM LIABILITIES',-1,'70');
INSERT INTO `chartmaster` VALUES ('2620','fr_CA.utf8','Emprunts bancaires','PASSIF',-1,'80');
INSERT INTO `chartmaster` VALUES ('2680','en_CA.utf8','Loans from Shareholders','LONG TERM LIABILITIES',-1,'70');
INSERT INTO `chartmaster` VALUES ('2680','fr_CA.utf8','Emprunt aupr','PASSIF',-1,'80');
INSERT INTO `chartmaster` VALUES ('3350','en_CA.utf8','Common Shares','SHARE CAPITAL',-1,'120');
INSERT INTO `chartmaster` VALUES ('3350','fr_CA.utf8','Actions ordinaires','CAPITAL SOCIAL',-1,'40');
INSERT INTO `chartmaster` VALUES ('4020','en_CA.utf8','General Sales','SALES REVENUE',-1,'110');
INSERT INTO `chartmaster` VALUES ('4020','fr_CA.utf8','Ventes g','REVENUS DE VENTE',-1,'110');
INSERT INTO `chartmaster` VALUES ('4030','en_CA.utf8','Aftermarket Parts','SALES REVENUE',-1,'110');
INSERT INTO `chartmaster` VALUES ('4030','fr_CA.utf8','Pi','REVENUS DE VENTE',-1,'110');
INSERT INTO `chartmaster` VALUES ('4430','en_CA.utf8','Shipping & Handling','OTHER REVENUE',-1,'80');
INSERT INTO `chartmaster` VALUES ('4430','fr_CA.utf8','Transport et manutention','AUTRES REVENUS',-1,'30');
INSERT INTO `chartmaster` VALUES ('4440','en_CA.utf8','Interest','OTHER REVENUE',-1,'80');
INSERT INTO `chartmaster` VALUES ('4440','fr_CA.utf8','Int','AUTRES REVENUS',-1,'30');
INSERT INTO `chartmaster` VALUES ('4450','en_CA.utf8','Foreign Exchange Gain / (Loss)','OTHER REVENUE',-1,'80');
INSERT INTO `chartmaster` VALUES ('4450','fr_CA.utf8','Gain sur change','AUTRES REVENUS',-1,'30');
INSERT INTO `chartmaster` VALUES ('5010','en_CA.utf8','Purchases','COST OF GOODS SOLD',-1,'20');
INSERT INTO `chartmaster` VALUES ('5010','fr_CA.utf8','Achats','CO',-1,'50');
INSERT INTO `chartmaster` VALUES ('5050','en_CA.utf8','Aftermarket Parts','COST OF GOODS SOLD',-1,'20');
INSERT INTO `chartmaster` VALUES ('5050','fr_CA.utf8','Pi','CO',-1,'50');
INSERT INTO `chartmaster` VALUES ('5100','en_CA.utf8','Freight','COST OF GOODS SOLD',-1,'20');
INSERT INTO `chartmaster` VALUES ('5100','fr_CA.utf8','Frais de transport','CO',-1,'50');
INSERT INTO `chartmaster` VALUES ('5410','en_CA.utf8','Wages & Salaries','PAYROLL EXPENSES',-1,'100');
INSERT INTO `chartmaster` VALUES ('5410','fr_CA.utf8','Salaires','FRAIS DE PERSONNEL',-1,'70');
INSERT INTO `chartmaster` VALUES ('5420','en_CA.utf8','EI Expense','PAYROLL EXPENSES',-1,'100');
INSERT INTO `chartmaster` VALUES ('5420','fr_CA.utf8','D','FRAIS DE PERSONNEL',-1,'70');
INSERT INTO `chartmaster` VALUES ('5430','en_CA.utf8','CPP Expense','PAYROLL EXPENSES',-1,'100');
INSERT INTO `chartmaster` VALUES ('5430','fr_CA.utf8','D','FRAIS DE PERSONNEL',-1,'70');
INSERT INTO `chartmaster` VALUES ('5440','en_CA.utf8','WCB Expense','PAYROLL EXPENSES',-1,'100');
INSERT INTO `chartmaster` VALUES ('5440','fr_CA.utf8','D','FRAIS DE PERSONNEL',-1,'70');
INSERT INTO `chartmaster` VALUES ('5610','en_CA.utf8','Accounting & Legal','GENERAL & ADMINISTRATIVE EXPEN',-1,'50');
INSERT INTO `chartmaster` VALUES ('5610','fr_CA.utf8','Frais comptables et juridiques','D',-1,'60');
INSERT INTO `chartmaster` VALUES ('5615','en_CA.utf8','Advertising & Promotions','GENERAL & ADMINISTRATIVE EXPEN',-1,'50');
INSERT INTO `chartmaster` VALUES ('5615','fr_CA.utf8','Publicit','D',-1,'60');
INSERT INTO `chartmaster` VALUES ('5620','en_CA.utf8','Bad Debts','GENERAL & ADMINISTRATIVE EXPEN',-1,'50');
INSERT INTO `chartmaster` VALUES ('5620','fr_CA.utf8','Cr','D',-1,'60');
INSERT INTO `chartmaster` VALUES ('5660','en_CA.utf8','Amortization Expense','GENERAL & ADMINISTRATIVE EXPEN',-1,'50');
INSERT INTO `chartmaster` VALUES ('5680','en_CA.utf8','Income Taxes','GENERAL & ADMINISTRATIVE EXPEN',-1,'50');
INSERT INTO `chartmaster` VALUES ('5680','fr_CA.utf8','Imp','D',-1,'60');
INSERT INTO `chartmaster` VALUES ('5685','en_CA.utf8','Insurance','GENERAL & ADMINISTRATIVE EXPEN',-1,'50');
INSERT INTO `chartmaster` VALUES ('5685','fr_CA.utf8','Assurances','D',-1,'60');
INSERT INTO `chartmaster` VALUES ('5690','en_CA.utf8','Interest & Bank Charges','GENERAL & ADMINISTRATIVE EXPEN',-1,'50');
INSERT INTO `chartmaster` VALUES ('5690','fr_CA.utf8','Int','D',-1,'60');
INSERT INTO `chartmaster` VALUES ('5700','en_CA.utf8','Office Supplies','GENERAL & ADMINISTRATIVE EXPEN',-1,'50');
INSERT INTO `chartmaster` VALUES ('5700','fr_CA.utf8','Fournitures de bureau','D',-1,'60');
INSERT INTO `chartmaster` VALUES ('5760','en_CA.utf8','Rent','GENERAL & ADMINISTRATIVE EXPEN',-1,'50');
INSERT INTO `chartmaster` VALUES ('5760','fr_CA.utf8','Loyer','D',-1,'60');
INSERT INTO `chartmaster` VALUES ('5765','en_CA.utf8','Repair & Maintenance','GENERAL & ADMINISTRATIVE EXPEN',-1,'50');
INSERT INTO `chartmaster` VALUES ('5765','fr_CA.utf8','R','D',-1,'60');
INSERT INTO `chartmaster` VALUES ('5780','en_CA.utf8','Telephone','GENERAL & ADMINISTRATIVE EXPEN',-1,'50');
INSERT INTO `chartmaster` VALUES ('5780','fr_CA.utf8','T','D',-1,'60');
INSERT INTO `chartmaster` VALUES ('5785','en_CA.utf8','Travel & Entertainment','GENERAL & ADMINISTRATIVE EXPEN',-1,'50');
INSERT INTO `chartmaster` VALUES ('5785','fr_CA.utf8','Voyages et loisirs','D',-1,'60');
INSERT INTO `chartmaster` VALUES ('5790','en_CA.utf8','Utilities','GENERAL & ADMINISTRATIVE EXPEN',-1,'50');
INSERT INTO `chartmaster` VALUES ('5790','fr_CA.utf8','Services publics','D',-1,'60');
INSERT INTO `chartmaster` VALUES ('5800','en_CA.utf8','Licenses','GENERAL & ADMINISTRATIVE EXPEN',-1,'50');
INSERT INTO `chartmaster` VALUES ('5810','fr_CA.utf8','Perte sur change','D',-1,'60');
