
INSERT INTO `accountsection` VALUES (1,'es_bo.utf8','ACTIVO');
INSERT INTO `accountsection` VALUES (2,'es_bo.utf8','PASIVO');
INSERT INTO `accountsection` VALUES (3,'es_bo.utf8','PATRIMONIO');
INSERT INTO `accountsection` VALUES (4,'es_bo.utf8','INGRESOS');
INSERT INTO `accountsection` VALUES (5,'es_bo.utf8','EGRESOS');
INSERT INTO `accountsection` VALUES (6,'es_bo.utf8','CUENTAS DE ORDEN');
INSERT INTO `accountsection` VALUES (7,'es_bo.utf8','CUENTAS DE AJUSTE');

INSERT INTO `accountgroups` VALUES ('11','es_bo.utf8','ACTIVO CORRIENTE',1,0,10,'','1');
INSERT INTO `accountgroups` VALUES ('11101','es_bo.utf8','ACTIVO DISPONIBLE',1,0,20,'ACTIVO CORRIENTE','11');
INSERT INTO `accountgroups` VALUES ('1110101','es_bo.utf8','CAJA',1,0,30,'ACTIVO DISPONIBLE','11101');
INSERT INTO `accountgroups` VALUES ('111010101','es_bo.utf8','OFICINA CENTRAL',1,0,40,'CAJA','1110101');
INSERT INTO `accountgroups` VALUES ('111010102','es_bo.utf8','SUCURSAL 2 - ZONA FRANCA',1,0,50,'CAJA','1110101');
INSERT INTO `accountgroups` VALUES ('111010103','es_bo.utf8','SUCURSAL 3 - AEROPUERTO',1,0,60,'CAJA','1110101');
INSERT INTO `accountgroups` VALUES ('1110102','es_bo.utf8','CAJA CHICA',1,0,70,'ACTIVO DISPONIBLE','11101');
INSERT INTO `accountgroups` VALUES ('111010201','es_bo.utf8','OFICINA CENTRAL',1,0,80,'CAJA CHICA','1110102');
INSERT INTO `accountgroups` VALUES ('111010202','es_bo.utf8','SUCURSAL 2 - ZONA FRANCA',1,0,90,'CAJA CHICA','1110102');
INSERT INTO `accountgroups` VALUES ('111010203','es_bo.utf8','SUCURSAL 3 - AEROPUERTO',1,0,100,'CAJA CHICA','1110102');
INSERT INTO `accountgroups` VALUES ('1110103','es_bo.utf8','BANCOS',1,0,110,'ACTIVO DISPONIBLE','11101');
INSERT INTO `accountgroups` VALUES ('111010301','es_bo.utf8','OFICINA CENTRAL',1,0,120,'BANCOS','1110103');
INSERT INTO `accountgroups` VALUES ('1110104','es_bo.utf8','CAJA DE AHORRO',1,0,130,'ACTIVO DISPONIBLE','11101');
INSERT INTO `accountgroups` VALUES ('111010401','es_bo.utf8','OFICINA CENTRAL',1,0,140,'CAJA DE AHORRO','1110104');
INSERT INTO `accountgroups` VALUES ('11102','es_bo.utf8','ACTIVO EXIGIBLE',1,0,150,'ACTIVO CORRIENTE','11');
INSERT INTO `accountgroups` VALUES ('1110201','es_bo.utf8','CUENTAS POR COBRAR',1,0,160,'ACTIVO EXIGIBLE','11102');
INSERT INTO `accountgroups` VALUES ('111020101','es_bo.utf8','CLIENTES',1,0,170,'CUENTAS POR COBRAR','1110201');
INSERT INTO `accountgroups` VALUES ('111020102','es_bo.utf8','CUENTAS POR COBRAR DIVERSAS',1,0,180,'CUENTAS POR COBRAR','1110201');
INSERT INTO `accountgroups` VALUES ('111020104','es_bo.utf8','CUENTAS POR COBRAR - PRESTAMO SOCIOS',1,0,190,'CUENTAS POR COBRAR','1110201');
INSERT INTO `accountgroups` VALUES ('11103','es_bo.utf8','ANTICIPOS VARIOS',1,0,200,'ACTIVO CORRIENTE','11');
INSERT INTO `accountgroups` VALUES ('1110301','es_bo.utf8','MONEDA NACIONAL',1,0,210,'ANTICIPOS VARIOS','11103');
INSERT INTO `accountgroups` VALUES ('111030101','es_bo.utf8','ANTICIPO AL PERSONAL',1,0,220,'MONEDA NACIONAL','1110301');
INSERT INTO `accountgroups` VALUES ('1110302','es_bo.utf8','MONEDA EXTRANJERA',1,0,230,'ANTICIPOS VARIOS','11103');
INSERT INTO `accountgroups` VALUES ('111030201','es_bo.utf8','ANTICIPO AL PERSONAL',1,0,240,'MONEDA EXTRANJERA','1110302');
INSERT INTO `accountgroups` VALUES ('1110303','es_bo.utf8','MONEDA NACIONAL',1,0,250,'ANTICIPOS VARIOS','11103');
INSERT INTO `accountgroups` VALUES ('111030301','es_bo.utf8','ANTICIPOS A PROVEEDORES',1,0,260,'MONEDA NACIONAL','1110303');
INSERT INTO `accountgroups` VALUES ('1110304','es_bo.utf8','MONEDA EXTRANJERA',1,0,270,'ANTICIPOS VARIOS','11103');
INSERT INTO `accountgroups` VALUES ('111030401','es_bo.utf8','ANTICIPOS A PROVEEDORES',1,0,280,'MONEDA EXTRANJERA','1110304');
INSERT INTO `accountgroups` VALUES ('1110305','es_bo.utf8','MONEDA  NACIONAL',1,0,290,'ANTICIPOS VARIOS','11103');
INSERT INTO `accountgroups` VALUES ('111030501','es_bo.utf8','ANTICIPO DE CONTRATOS',1,0,300,'MONEDA  NACIONAL','1110305');
INSERT INTO `accountgroups` VALUES ('1110306','es_bo.utf8','MONEDA EXTRANJERA',1,0,310,'ANTICIPOS VARIOS','11103');
INSERT INTO `accountgroups` VALUES ('111030601','es_bo.utf8','ANTICIPO DE CONTRATOS',1,0,320,'MONEDA EXTRANJERA','1110306');
INSERT INTO `accountgroups` VALUES ('1110307','es_bo.utf8','MONEDA NACIONAL',1,0,330,'ANTICIPOS VARIOS','11103');
INSERT INTO `accountgroups` VALUES ('111030701','es_bo.utf8','IMPUESTOS A RECUPERAR',1,0,340,'MONEDA NACIONAL','1110307');
INSERT INTO `accountgroups` VALUES ('11104','es_bo.utf8','ACTIVO REALIZABLE',1,0,350,'ACTIVO CORRIENTE','11');
INSERT INTO `accountgroups` VALUES ('1110401','es_bo.utf8','EXISTENCIAS EN ALMACENES',1,0,360,'ACTIVO REALIZABLE','11104');
INSERT INTO `accountgroups` VALUES ('111040101','es_bo.utf8','OFICINA CENTRAL',1,0,370,'EXISTENCIAS EN ALMACENES','1110401');
INSERT INTO `accountgroups` VALUES ('111040102','es_bo.utf8','SUCURSAL 2 - ZONA FRANCA',1,0,380,'EXISTENCIAS EN ALMACENES','1110401');
INSERT INTO `accountgroups` VALUES ('12','es_bo.utf8','ACTIVO NO CORRIENTE',1,0,390,'','');
INSERT INTO `accountgroups` VALUES ('12101','es_bo.utf8','BIENES DE USO O ACTIVOS FIJOS',1,0,400,'ACTIVO NO CORRIENTE','12');
INSERT INTO `accountgroups` VALUES ('1210101','es_bo.utf8','INVENTARIO DE ACTIVOS FIJOS',1,0,410,'BIENES DE USO O ACTIVOS FIJOS','12101');
INSERT INTO `accountgroups` VALUES ('121010101','es_bo.utf8','OFICINA CENTRAL',1,0,420,'INVENTARIO DE ACTIVOS FIJOS','1210101');
INSERT INTO `accountgroups` VALUES ('1210102','es_bo.utf8','DEPRECIACION ACUMULADA',1,0,430,'BIENES DE USO O ACTIVOS FIJOS','12101');
INSERT INTO `accountgroups` VALUES ('121010201','es_bo.utf8','OFICINA CENTRAL',1,0,440,'DEPRECIACION ACUMULADA','1210102');
INSERT INTO `accountgroups` VALUES ('12102','es_bo.utf8','INVERSIONES',1,0,450,'ACTIVO NO CORRIENTE','12');
INSERT INTO `accountgroups` VALUES ('1210201','es_bo.utf8','ACCIONES Y VALORES',1,0,460,'INVERSIONES','12102');
INSERT INTO `accountgroups` VALUES ('121020101','es_bo.utf8','OFICINA CENTRAL',1,0,470,'ACCIONES Y VALORES','1210201');
INSERT INTO `accountgroups` VALUES ('21','es_bo.utf8','PASIVO CORRIENTE',2,0,480,'','');
INSERT INTO `accountgroups` VALUES ('21101','es_bo.utf8','PASIVO EXIGIBLE',2,0,490,'PASIVO CORRIENTE','21');
INSERT INTO `accountgroups` VALUES ('2110101','es_bo.utf8','PROVEEDORES',2,0,500,'PASIVO EXIGIBLE','21101');
INSERT INTO `accountgroups` VALUES ('211010101','es_bo.utf8','MONEDA NACIONAL',2,0,510,'PROVEEDORES','2110101');
INSERT INTO `accountgroups` VALUES ('211010102','es_bo.utf8','MONEDA EXTRANJERA',2,0,520,'PROVEEDORES','2110101');
INSERT INTO `accountgroups` VALUES ('2110102','es_bo.utf8','PRESTAMOS A PAGAR',2,0,530,'PASIVO EXIGIBLE','21101');
INSERT INTO `accountgroups` VALUES ('211010201','es_bo.utf8','MONEDA NACIONAL',2,0,540,'PRESTAMOS A PAGAR','2110102');
INSERT INTO `accountgroups` VALUES ('211010202','es_bo.utf8','MONEDA EXTRANJERA',2,0,550,'PRESTAMOS A PAGAR','2110102');
INSERT INTO `accountgroups` VALUES ('2110103','es_bo.utf8','OBLIGACIONES SOCIALES A PAGAR',2,0,560,'PASIVO EXIGIBLE','21101');
INSERT INTO `accountgroups` VALUES ('211010301','es_bo.utf8','SUELDOS Y SALARIOS POR PAGAR',2,0,570,'OBLIGACIONES SOCIALES A PAGAR','2110103');
INSERT INTO `accountgroups` VALUES ('211010302','es_bo.utf8','APORTES POR PAGAR',2,0,580,'OBLIGACIONES SOCIALES A PAGAR','2110103');
INSERT INTO `accountgroups` VALUES ('211010303','es_bo.utf8','PROVISION AGUINALDOS',2,0,590,'OBLIGACIONES SOCIALES A PAGAR','2110103');
INSERT INTO `accountgroups` VALUES ('211010304','es_bo.utf8','OTRAS OBLIGACIONES',2,0,600,'OBLIGACIONES SOCIALES A PAGAR','2110103');
INSERT INTO `accountgroups` VALUES ('2110104','es_bo.utf8','IMPUESTOS POR PAGAR',2,0,610,'PASIVO EXIGIBLE','21101');
INSERT INTO `accountgroups` VALUES ('211010401','es_bo.utf8','IMPUESTOS DIRECTOS',2,0,620,'IMPUESTOS POR PAGAR','2110104');
INSERT INTO `accountgroups` VALUES ('211010402','es_bo.utf8','RETENCIONES POR PAGAR',2,0,630,'IMPUESTOS POR PAGAR','2110104');
INSERT INTO `accountgroups` VALUES ('22','es_bo.utf8','PASIVO NO CORRIENTE',2,0,640,'','');
INSERT INTO `accountgroups` VALUES ('22101','es_bo.utf8','PASIVO A LARGO PLAZO',2,0,650,'PASIVO NO CORRIENTE','22');
INSERT INTO `accountgroups` VALUES ('2210101','es_bo.utf8','PRESTAMOS A PAGAR',2,0,660,'PASIVO A LARGO PLAZO','22101');
INSERT INTO `accountgroups` VALUES ('221010101','es_bo.utf8','OFICINA CENTRAL',2,0,670,'PRESTAMOS A PAGAR','2210101');
INSERT INTO `accountgroups` VALUES ('221010102','es_bo.utf8','SUCURSAL 2 - ZONA FRANCA',2,0,680,'PRESTAMOS A PAGAR','2210101');
INSERT INTO `accountgroups` VALUES ('221010103','es_bo.utf8','SUCURSAL 3 - AEROPUERTO',2,0,690,'PRESTAMOS A PAGAR','2210101');
INSERT INTO `accountgroups` VALUES ('2210102','es_bo.utf8','PREVISIONES',2,0,700,'PASIVO A LARGO PLAZO','22101');
INSERT INTO `accountgroups` VALUES ('221010201','es_bo.utf8','MONEDA NACIONAL',2,0,710,'PREVISIONES','2210102');
INSERT INTO `accountgroups` VALUES ('31','es_bo.utf8','APORTES DE CAPITAL',3,0,720,'','');
INSERT INTO `accountgroups` VALUES ('31101','es_bo.utf8','CAPITAL DECLARADO',3,0,730,'APORTES DE CAPITAL','31');
INSERT INTO `accountgroups` VALUES ('3110101','es_bo.utf8','PATRIMONIO NETO',3,0,740,'CAPITAL DECLARADO','31101');
INSERT INTO `accountgroups` VALUES ('311010101','es_bo.utf8','CAPITAL CONTABLE',3,0,750,'PATRIMONIO NETO','3110101');
INSERT INTO `accountgroups` VALUES ('311010102','es_bo.utf8','RESERVAS LEGALES',3,0,760,'PATRIMONIO NETO','3110101');
INSERT INTO `accountgroups` VALUES ('41','es_bo.utf8','INGRESOS PERCIBIDOS',4,1,770,'','');
INSERT INTO `accountgroups` VALUES ('41101','es_bo.utf8','INGRESOS OPERATIVOS',4,1,780,'INGRESOS PERCIBIDOS','41');
INSERT INTO `accountgroups` VALUES ('4110101','es_bo.utf8','VENTA DE MERCADERIAS',4,1,790,'INGRESOS OPERATIVOS','41101');
INSERT INTO `accountgroups` VALUES ('411010101','es_bo.utf8','OFICINA CENTRAL',4,1,800,'VENTA DE MERCADERIAS','4110101');
INSERT INTO `accountgroups` VALUES ('411010102','es_bo.utf8','SUCURSAL 2 - ZONA FRANCA',4,1,810,'VENTA DE MERCADERIAS','4110101');
INSERT INTO `accountgroups` VALUES ('411010103','es_bo.utf8','SUCURSAL 3 - AEROPUERTO',4,1,820,'VENTA DE MERCADERIAS','4110101');
INSERT INTO `accountgroups` VALUES ('4110102','es_bo.utf8','OTROS INGRESOS',4,1,830,'INGRESOS OPERATIVOS','41101');
INSERT INTO `accountgroups` VALUES ('411010201','es_bo.utf8','OFICINA CENTRAL',4,1,840,'OTROS INGRESOS','4110102');
INSERT INTO `accountgroups` VALUES ('51','es_bo.utf8','COSTOS OPERATIVOS',5,1,850,'','');
INSERT INTO `accountgroups` VALUES ('51101','es_bo.utf8','COSTOS VENTAS Y ADMINISTRATIVOS',5,1,860,'COSTOS OPERATIVOS','51');
INSERT INTO `accountgroups` VALUES ('5110101','es_bo.utf8','COSTOS DE OPERACION',5,1,870,'COSTOS VENTAS Y ADMINISTRATIVOS','51101');
INSERT INTO `accountgroups` VALUES ('511010101','es_bo.utf8','OFICINA CENTRAL',5,1,880,'COSTOS DE OPERACION','5110101');
INSERT INTO `accountgroups` VALUES ('5110102','es_bo.utf8','COSTOS ADMINISTRATIVOS',5,1,890,'COSTOS VENTAS Y ADMINISTRATIVOS','51101');
INSERT INTO `accountgroups` VALUES ('511010201','es_bo.utf8','OFICINA CENTRAL',5,1,900,'COSTOS ADMINISTRATIVOS','5110102');
INSERT INTO `accountgroups` VALUES ('5110103','es_bo.utf8','COSTOS POR SERVICIO',5,1,910,'COSTOS VENTAS Y ADMINISTRATIVOS','51101');
INSERT INTO `accountgroups` VALUES ('511010301','es_bo.utf8','OFICINA CENTRAL',5,1,920,'COSTOS POR SERVICIO','5110103');
INSERT INTO `accountgroups` VALUES ('5110104','es_bo.utf8','GASTOS FINANCIEROS',5,1,930,'COSTOS VENTAS Y ADMINISTRATIVOS','51101');
INSERT INTO `accountgroups` VALUES ('511010401','es_bo.utf8','OFICINA CENTRAL',5,1,940,'GASTOS FINANCIEROS','5110104');
INSERT INTO `accountgroups` VALUES ('5110105','es_bo.utf8','GASTOS NO DEDUCIBLES',5,1,950,'COSTOS VENTAS Y ADMINISTRATIVOS','51101');
INSERT INTO `accountgroups` VALUES ('511010501','es_bo.utf8','OFICINA CENTRAL',5,1,960,'GASTOS NO DEDUCIBLES','5110105');
INSERT INTO `accountgroups` VALUES ('5110106','es_bo.utf8','DEPRECIACIONES Y AMORTIZACIONES',5,1,970,'COSTOS VENTAS Y ADMINISTRATIVOS','51101');
INSERT INTO `accountgroups` VALUES ('511010601','es_bo.utf8','DEPRECIACION ACTIVOS FIJOS',5,1,980,'DEPRECIACIONES Y AMORTIZACIONES','5110106');
INSERT INTO `accountgroups` VALUES ('511010602','es_bo.utf8','AMORTIZACIONES Y PREVISIONES',5,1,990,'DEPRECIACIONES Y AMORTIZACIONES','5110106');
INSERT INTO `accountgroups` VALUES ('61','es_bo.utf8','MANTENIMIENTO DE VALOR',6,1,1000,'','');
INSERT INTO `accountgroups` VALUES ('61101','es_bo.utf8','CUENTA DE BALANCE, GASTOS E INGRESOS',6,1,1010,'MANTENIMIENTO DE VALOR','61');
INSERT INTO `accountgroups` VALUES ('6110101','es_bo.utf8','MANTENIMIENTO DE VALOR Y ACTUALIZACIONES',6,1,1020,'CUENTA DE BALANCE, GASTOS E INGRESOS','61101');
INSERT INTO `accountgroups` VALUES ('611010101','es_bo.utf8','AJUSTES DE ACTUALIZACION',6,1,1030,'MANTENIMIENTO DE VALOR Y ACTUALIZACIONES','6110101');

INSERT INTO `chartmaster` VALUES ('111010101001','es_bo.utf8','CAJA MONEDA NACIONAL','OFICINA CENTRAL','111010101');
INSERT INTO `chartmaster` VALUES ('111010101002','es_bo.utf8','CAJA MONEDA EXTRANJERA','OFICINA CENTRAL','111010101');
INSERT INTO `chartmaster` VALUES ('111010101003','es_bo.utf8','CAJA CHICA MN','OFICINA CENTRAL','111010101');
INSERT INTO `chartmaster` VALUES ('111010102001','es_bo.utf8','CAJA MONEDA NACIONAL','SUCURSAL 2 - ZONA FRANCA','111010102');
INSERT INTO `chartmaster` VALUES ('111010102002','es_bo.utf8','CAJA MONEDA EXTRANJERA','SUCURSAL 2 - ZONA FRANCA','111010102');
INSERT INTO `chartmaster` VALUES ('111010103001','es_bo.utf8','CAJA MONEDA NACIONAL','SUCURSAL 3 - AEROPUERTO','111010103');
INSERT INTO `chartmaster` VALUES ('111010103002','es_bo.utf8','CAJA MONEDA EXTRANJERA','SUCURSAL 3 - AEROPUERTO','111010103');
INSERT INTO `chartmaster` VALUES ('111010201001','es_bo.utf8','CAJA MONEDA NACIONAL','OFICINA CENTRAL','111010201');
INSERT INTO `chartmaster` VALUES ('111010201002','es_bo.utf8','CAJA MONEDA EXTRANJERA','OFICINA CENTRAL','111010201');
INSERT INTO `chartmaster` VALUES ('111010202001','es_bo.utf8','CAJA MONEDA NACIONAL','SUCURSAL 2 - ZONA FRANCA','111010202');
INSERT INTO `chartmaster` VALUES ('111010202002','es_bo.utf8','CAJA MONEDA EXTRANJERA','SUCURSAL 2 - ZONA FRANCA','111010202');
INSERT INTO `chartmaster` VALUES ('111010203001','es_bo.utf8','CAJA MONEDA NACIONAL','SUCURSAL 3 - AEROPUERTO','111010203');
INSERT INTO `chartmaster` VALUES ('111010203002','es_bo.utf8','CAJA MONEDA EXTRANJERA','SUCURSAL 3 - AEROPUERTO','111010203');
INSERT INTO `chartmaster` VALUES ('111010301001','es_bo.utf8','BANCO DE CREDITO DE BOLIVIA S.A. M/N','OFICINA CENTRAL','111010301');
INSERT INTO `chartmaster` VALUES ('111010301002','es_bo.utf8','BANCO MERCANTIL SANTA CRUZ S.A. M/N','OFICINA CENTRAL','111010301');
INSERT INTO `chartmaster` VALUES ('111010301003','es_bo.utf8','BANCO DE CREDITO DE BOLIVIA S.A. M/E','OFICINA CENTRAL','111010301');
INSERT INTO `chartmaster` VALUES ('111010301004','es_bo.utf8','BANCO MERCANTIL SANTA CRUZ S.A. M/E','OFICINA CENTRAL','111010301');
INSERT INTO `chartmaster` VALUES ('111010301005','es_bo.utf8','DEPOSITOS EN GARANTIA','OFICINA CENTRAL','111010301');
INSERT INTO `chartmaster` VALUES ('111010301006','es_bo.utf8','DEPOSITOS SIN IDENTIFICAR','OFICINA CENTRAL','111010301');
INSERT INTO `chartmaster` VALUES ('111010301007','es_bo.utf8','BANCO BISA M/E','OFICINA CENTRAL','111010301');
INSERT INTO `chartmaster` VALUES ('111010301008','es_bo.utf8','BANCO UNION M/N','OFICINA CENTRAL','111010301');
INSERT INTO `chartmaster` VALUES ('111010401001','es_bo.utf8','BANCO MERCANTIL SANTA CRUZ S.A.','OFICINA CENTRAL','111010401');
INSERT INTO `chartmaster` VALUES ('111020101001','es_bo.utf8','ATLAS COPCO BOLIVIANA S.A.','CLIENTES','111020101');
INSERT INTO `chartmaster` VALUES ('111020101002','es_bo.utf8','BANCO CENTRAL DE BOLIVIA','CLIENTES','111020101');
INSERT INTO `chartmaster` VALUES ('111020101003','es_bo.utf8','CAIBOL LTDA','CLIENTES','111020101');
INSERT INTO `chartmaster` VALUES ('111020101004','es_bo.utf8','CAIBOL CONPASOL ICCILA','CLIENTES','111020101');
INSERT INTO `chartmaster` VALUES ('111020101005','es_bo.utf8','COMPACTO SRL','CLIENTES','111020101');
INSERT INTO `chartmaster` VALUES ('111020101006','es_bo.utf8','CEFERINO MANZANO','CLIENTES','111020101');
INSERT INTO `chartmaster` VALUES ('111020101007','es_bo.utf8','CERAMICA GLADIMAR S.A.','CLIENTES','111020101');
INSERT INTO `chartmaster` VALUES ('111020101008','es_bo.utf8','CIRIACO CRUZ','CLIENTES','111020101');
INSERT INTO `chartmaster` VALUES ('111020101009','es_bo.utf8','COOPERATIVA MINERA BOLSA NEGRA LTDA','CLIENTES','111020101');
INSERT INTO `chartmaster` VALUES ('111020101010','es_bo.utf8','COOPERATIVA MINERA SAN LUCAS','CLIENTES','111020101');
INSERT INTO `chartmaster` VALUES ('111020101011','es_bo.utf8','COMPAÑIA MINERA COLQUIRI S.A.','CLIENTES','111020101');
INSERT INTO `chartmaster` VALUES ('111020101012','es_bo.utf8','COOPERATIVA MINERA SAN PABLO S.R.L.','CLIENTES','111020101');
INSERT INTO `chartmaster` VALUES ('111020101013','es_bo.utf8','EMPRESA FERROVIARIA ANDINA S.A.','CLIENTES','111020101');
INSERT INTO `chartmaster` VALUES ('111020101014','es_bo.utf8','EMPRESA METALURGICA VINTO','CLIENTES','111020101');
INSERT INTO `chartmaster` VALUES ('111020101015','es_bo.utf8','EMPRESA PUBLICA SOCIAL DEL AGUA Y SANEAMIENTO S.A.','CLIENTES','111020101');
INSERT INTO `chartmaster` VALUES ('111020101016','es_bo.utf8','ESMICAL S.A.','CLIENTES','111020101');
INSERT INTO `chartmaster` VALUES ('111020101017','es_bo.utf8','HANSA LTDA','CLIENTES','111020101');
INSERT INTO `chartmaster` VALUES ('111020101018','es_bo.utf8','INSERCRUZ B & I S.R.L.','CLIENTES','111020101');
INSERT INTO `chartmaster` VALUES ('111020101019','es_bo.utf8','JINDAL STEEL BOLIVIA S.A.','CLIENTES','111020101');
INSERT INTO `chartmaster` VALUES ('111020101020','es_bo.utf8','METALES Y MINERALES DEL ORIENTE S.R.L.','CLIENTES','111020101');
INSERT INTO `chartmaster` VALUES ('111020101021','es_bo.utf8','RUFINA PABLO','CLIENTES','111020101');
INSERT INTO `chartmaster` VALUES ('111020101022','es_bo.utf8','STS BOLIVIA LTDA','CLIENTES','111020101');
INSERT INTO `chartmaster` VALUES ('111020101023','es_bo.utf8','MINERA SAN CRISTOBAL S.A.','CLIENTES','111020101');
INSERT INTO `chartmaster` VALUES ('111020101024','es_bo.utf8','LAMBOL  S.A.','CLIENTES','111020101');
INSERT INTO `chartmaster` VALUES ('111020101025','es_bo.utf8','PANAMERICAN SILVER BOLIVIA S.A.','CLIENTES','111020101');
INSERT INTO `chartmaster` VALUES ('111020101026','es_bo.utf8','SOCIEDAD BOLIVIANA DE CEMENTO S.A.','CLIENTES','111020101');
INSERT INTO `chartmaster` VALUES ('111020101027','es_bo.utf8','COBOCE LTDA','CLIENTES','111020101');
INSERT INTO `chartmaster` VALUES ('111020101028','es_bo.utf8','TECHNIQUES BOLIVIA S.R.L.','CLIENTES','111020101');
INSERT INTO `chartmaster` VALUES ('111020101029','es_bo.utf8','THE LOUS BERGER GROUP INC.','CLIENTES','111020101');
INSERT INTO `chartmaster` VALUES ('111020101030','es_bo.utf8','YACIMIENTOS PETROLIFEROS FISCALES BOLIVANOS','CLIENTES','111020101');
INSERT INTO `chartmaster` VALUES ('111020101031','es_bo.utf8','YPFB CHACO S.A.','CLIENTES','111020101');
INSERT INTO `chartmaster` VALUES ('111020101032','es_bo.utf8','YPFB REFINACION S.A.','CLIENTES','111020101');
INSERT INTO `chartmaster` VALUES ('111020101033','es_bo.utf8','YPFB CORPORACION','CLIENTES','111020101');
INSERT INTO `chartmaster` VALUES ('111020101034','es_bo.utf8','YPFB TRANSPORTE S.A.','CLIENTES','111020101');
INSERT INTO `chartmaster` VALUES ('111020101035','es_bo.utf8','YPFB LOGISTICA S.A.','CLIENTES','111020101');
INSERT INTO `chartmaster` VALUES ('111020101036','es_bo.utf8','ACROPOLIS S.R.L.','CLIENTES','111020101');
INSERT INTO `chartmaster` VALUES ('111020101037','es_bo.utf8','ALBERTO OÑO VILLEGAS','CLIENTES','111020101');
INSERT INTO `chartmaster` VALUES ('111020101038','es_bo.utf8','SINCHI WAYRA S.A.','CLIENTES','111020101');
INSERT INTO `chartmaster` VALUES ('111020101039','es_bo.utf8','GUARACACHI S.A.','CLIENTES','111020101');
INSERT INTO `chartmaster` VALUES ('111020101040','es_bo.utf8','ALCIDES FLORES MONCADA','CLIENTES','111020101');
INSERT INTO `chartmaster` VALUES ('111020101041','es_bo.utf8','ATLAS DIESEL','CLIENTES','111020101');
INSERT INTO `chartmaster` VALUES ('111020101042','es_bo.utf8','ATT','CLIENTES','111020101');
INSERT INTO `chartmaster` VALUES ('111020101043','es_bo.utf8','AVELINO FLORES','CLIENTES','111020101');
INSERT INTO `chartmaster` VALUES ('111020101044','es_bo.utf8','C.M.V.  S.A.','CLIENTES','111020101');
INSERT INTO `chartmaster` VALUES ('111020101045','es_bo.utf8','COOPERATIVA MINERA AURIFERA 15 DE DICIEMBRE','CLIENTES','111020101');
INSERT INTO `chartmaster` VALUES ('111020101046','es_bo.utf8','COOPERATIVA YANI LTDA','CLIENTES','111020101');
INSERT INTO `chartmaster` VALUES ('111020101047','es_bo.utf8','ECOFER','CLIENTES','111020101');
INSERT INTO `chartmaster` VALUES ('111020101048','es_bo.utf8','FEROBLACK','CLIENTES','111020101');
INSERT INTO `chartmaster` VALUES ('111020101049','es_bo.utf8','INCICO LTDA','CLIENTES','111020101');
INSERT INTO `chartmaster` VALUES ('111020101050','es_bo.utf8','IAA LTDA','CLIENTES','111020101');
INSERT INTO `chartmaster` VALUES ('111020101051','es_bo.utf8','ISRAEL CALLEJAS','CLIENTES','111020101');
INSERT INTO `chartmaster` VALUES ('111020101052','es_bo.utf8','IVANEL PARTS S.R.L.','CLIENTES','111020101');
INSERT INTO `chartmaster` VALUES ('111020101053','es_bo.utf8','JAVIER BRAVO','CLIENTES','111020101');
INSERT INTO `chartmaster` VALUES ('111020101054','es_bo.utf8','JORGE CASTRO','CLIENTES','111020101');
INSERT INTO `chartmaster` VALUES ('111020101055','es_bo.utf8','MMB CYLINDRES S.R.L.','CLIENTES','111020101');
INSERT INTO `chartmaster` VALUES ('111020101056','es_bo.utf8','PRODUCTOS AVON LTDA','CLIENTES','111020101');
INSERT INTO `chartmaster` VALUES ('111020101057','es_bo.utf8','RITA MURIEL MEDRANO','CLIENTES','111020101');
INSERT INTO `chartmaster` VALUES ('111020101058','es_bo.utf8','SAAVEDRA','CLIENTES','111020101');
INSERT INTO `chartmaster` VALUES ('111020101059','es_bo.utf8','SERGUT S.R.L.','CLIENTES','111020101');
INSERT INTO `chartmaster` VALUES ('111020101060','es_bo.utf8','SOMINKOR S.R.L.','CLIENTES','111020101');
INSERT INTO `chartmaster` VALUES ('111020101061','es_bo.utf8','ANGEL BENAVIDES','CLIENTES','111020101');
INSERT INTO `chartmaster` VALUES ('111020101062','es_bo.utf8','BLOQUE PETROLERO SAN ALBERTO','CLIENTES','111020101');
INSERT INTO `chartmaster` VALUES ('111020101063','es_bo.utf8','COMIBOL','CLIENTES','111020101');
INSERT INTO `chartmaster` VALUES ('111020101064','es_bo.utf8','EMARPROC LTDA','CLIENTES','111020101');
INSERT INTO `chartmaster` VALUES ('111020101065','es_bo.utf8','ECLA LTDA','CLIENTES','111020101');
INSERT INTO `chartmaster` VALUES ('111020101066','es_bo.utf8','EMBAJADA NORTEAMERICANA LA PAZ','CLIENTES','111020101');
INSERT INTO `chartmaster` VALUES ('111020101067','es_bo.utf8','EMPRESA ELECTRICA VALLE HERMOSO S.A.','CLIENTES','111020101');
INSERT INTO `chartmaster` VALUES ('111020101068','es_bo.utf8','FRANZ TORRICO','CLIENTES','111020101');
INSERT INTO `chartmaster` VALUES ('111020101069','es_bo.utf8','GAS TRANS BOLIVIANO','CLIENTES','111020101');
INSERT INTO `chartmaster` VALUES ('111020101070','es_bo.utf8','JAVIER VEGA','CLIENTES','111020101');
INSERT INTO `chartmaster` VALUES ('111020101071','es_bo.utf8','NUEVATEL PCS BOLIVIA S.A.','CLIENTES','111020101');
INSERT INTO `chartmaster` VALUES ('111020101072','es_bo.utf8','PETROBAS ARGENTINA S.A. SUCURSAL BOLIVIA','CLIENTES','111020101');
INSERT INTO `chartmaster` VALUES ('111020101073','es_bo.utf8','TERSA S.A.','CLIENTES','111020101');
INSERT INTO `chartmaster` VALUES ('111020101074','es_bo.utf8','USAID','CLIENTES','111020101');
INSERT INTO `chartmaster` VALUES ('111020101075','es_bo.utf8','COOPERATIVA ROSARIO CALIFORNIA','CLIENTES','111020101');
INSERT INTO `chartmaster` VALUES ('111020101076','es_bo.utf8','COOPERATIVA XIMENA GOLDEN','CLIENTES','111020101');
INSERT INTO `chartmaster` VALUES ('111020101077','es_bo.utf8','EMBAJADA AMERICANA USAID','CLIENTES','111020101');
INSERT INTO `chartmaster` VALUES ('111020101078','es_bo.utf8','EMPRESA SIDERURGICA DEL MUTUN','CLIENTES','111020101');
INSERT INTO `chartmaster` VALUES ('111020101079','es_bo.utf8','EMUSA','CLIENTES','111020101');
INSERT INTO `chartmaster` VALUES ('111020101080','es_bo.utf8','FELICIA LLANOS CUELLAR','CLIENTES','111020101');
INSERT INTO `chartmaster` VALUES ('111020101081','es_bo.utf8','MIGUEL JANCKO ARANDO','CLIENTES','111020101');
INSERT INTO `chartmaster` VALUES ('111020101082','es_bo.utf8','SOCIEDAD MINERA ILLAPA S.A.','CLIENTES','111020101');
INSERT INTO `chartmaster` VALUES ('111020101083','es_bo.utf8','OTROS CLIENTES','CLIENTES','111020101');
INSERT INTO `chartmaster` VALUES ('111020102001','es_bo.utf8','AGENCIA COTAR','CUENTAS POR COBRAR DIVERSAS','111020102');
INSERT INTO `chartmaster` VALUES ('111020102002','es_bo.utf8','BIC LINES','CUENTAS POR COBRAR DIVERSAS','111020102');
INSERT INTO `chartmaster` VALUES ('111020102003','es_bo.utf8','IBMETRO','CUENTAS POR COBRAR DIVERSAS','111020102');
INSERT INTO `chartmaster` VALUES ('111020102004','es_bo.utf8','REMAC CARGO S.R.L.','CUENTAS POR COBRAR DIVERSAS','111020102');
INSERT INTO `chartmaster` VALUES ('111020102005','es_bo.utf8','ENTREGA SCHARFF BOLIVIA S.R.L.','CUENTAS POR COBRAR DIVERSAS','111020102');
INSERT INTO `chartmaster` VALUES ('111020102006','es_bo.utf8','ENTREGA JET EXPRESS COURIER','CUENTAS POR COBRAR DIVERSAS','111020102');
INSERT INTO `chartmaster` VALUES ('111020102007','es_bo.utf8','ENTREGA DHL BOLIVIA S.R.L.','CUENTAS POR COBRAR DIVERSAS','111020102');
INSERT INTO `chartmaster` VALUES ('111020102008','es_bo.utf8','AUDITORES GONZALES Y ASOCIADOS','CUENTAS POR COBRAR DIVERSAS','111020102');
INSERT INTO `chartmaster` VALUES ('111020102009','es_bo.utf8','DYSER S.R.L.','CUENTAS POR COBRAR DIVERSAS','111020102');
INSERT INTO `chartmaster` VALUES ('111020102010','es_bo.utf8','AGENCIA ADUANERA','CUENTAS POR COBRAR DIVERSAS','111020102');
INSERT INTO `chartmaster` VALUES ('111020102011','es_bo.utf8','OTROS POR COBRAR','CUENTAS POR COBRAR DIVERSAS','111020102');
INSERT INTO `chartmaster` VALUES ('111020102012','es_bo.utf8','ANTICIPOS VARIOS','CUENTAS POR COBRAR DIVERSAS','111020102');
INSERT INTO `chartmaster` VALUES ('111020103001','es_bo.utf8','ENTREGAS A RENDIR M. QUISPE','CUENTAS POR COBRAR','1110201');
INSERT INTO `chartmaster` VALUES ('111020103002','es_bo.utf8','ENTREGAS A RENDIR J. FERNANDEZ','CUENTAS POR COBRAR','1110201');
INSERT INTO `chartmaster` VALUES ('111020103003','es_bo.utf8','ENTREGAS A RENDIR SERGIO FERNANDEZ','CUENTAS POR COBRAR','1110201');
INSERT INTO `chartmaster` VALUES ('111020103004','es_bo.utf8','ENTREGAS A RENDIR EDWIN FLORES','CUENTAS POR COBRAR','1110201');
INSERT INTO `chartmaster` VALUES ('111020103005','es_bo.utf8','ENTREGAS A RENDIR OTROS','CUENTAS POR COBRAR','1110201');
INSERT INTO `chartmaster` VALUES ('111020104001','es_bo.utf8','PRESTAMO SOCIO RODOLFO LIENDO','CUENTAS POR COBRAR - PRESTAMO SOCIOS','111020104');
INSERT INTO `chartmaster` VALUES ('111020104002','es_bo.utf8','PRESTAMO SOCIO JOSE FERNANDEZ','CUENTAS POR COBRAR - PRESTAMO SOCIOS','111020104');
INSERT INTO `chartmaster` VALUES ('111030101001','es_bo.utf8','JOSE MARIA FERNANDEZ IROHOLA','ANTICIPO AL PERSONAL','111030101');
INSERT INTO `chartmaster` VALUES ('111030101002','es_bo.utf8','OSCAR RICARDO HURTADO MORATO','ANTICIPO AL PERSONAL','111030101');
INSERT INTO `chartmaster` VALUES ('111030101003','es_bo.utf8','EDSON OSCAR GARCIA SANGUEZA','ANTICIPO AL PERSONAL','111030101');
INSERT INTO `chartmaster` VALUES ('111030101004','es_bo.utf8','MARCELO ANTONIO QUISPE MEDRANO','ANTICIPO AL PERSONAL','111030101');
INSERT INTO `chartmaster` VALUES ('111030101005','es_bo.utf8','TERESA FATIMA ROSSI ZAMURIANO','ANTICIPO AL PERSONAL','111030101');
INSERT INTO `chartmaster` VALUES ('111030101006','es_bo.utf8','CAYETANA CARLA OBLITAS ALVAREZ','ANTICIPO AL PERSONAL','111030101');
INSERT INTO `chartmaster` VALUES ('111030101007','es_bo.utf8','VICTOR FLORENTINO QUISBERT CONDORI','ANTICIPO AL PERSONAL','111030101');
INSERT INTO `chartmaster` VALUES ('111030101008','es_bo.utf8','RODOLFO MANUEL LIENDO MALDONADO','ANTICIPO AL PERSONAL','111030101');
INSERT INTO `chartmaster` VALUES ('111030101009','es_bo.utf8','ANGEL GABRIEL MIRABAL TEJERINA','ANTICIPO AL PERSONAL','111030101');
INSERT INTO `chartmaster` VALUES ('111030101010','es_bo.utf8','SERGIO ANDRES FERNANDEZ ASTURIZAGA','ANTICIPO AL PERSONAL','111030101');
INSERT INTO `chartmaster` VALUES ('111030101011','es_bo.utf8','EDWIN SANTOS FLORES MAMANI','ANTICIPO AL PERSONAL','111030101');
INSERT INTO `chartmaster` VALUES ('111030101012','es_bo.utf8','JOEL JORGE ALVARADO LUJAN','ANTICIPO AL PERSONAL','111030101');
INSERT INTO `chartmaster` VALUES ('111030201001','es_bo.utf8','JOSE MARIA FERNANDEZ IROHOLA','ANTICIPO AL PERSONAL','111030201');
INSERT INTO `chartmaster` VALUES ('111030201002','es_bo.utf8','OSCAR RICARDO HURTADO MORATO','ANTICIPO AL PERSONAL','111030201');
INSERT INTO `chartmaster` VALUES ('111030201003','es_bo.utf8','EDSON OSCAR GARCIA SANGUEZA','ANTICIPO AL PERSONAL','111030201');
INSERT INTO `chartmaster` VALUES ('111030201004','es_bo.utf8','MARCELO ANTONIO QUISPE MEDRANO','ANTICIPO AL PERSONAL','111030201');
INSERT INTO `chartmaster` VALUES ('111030201005','es_bo.utf8','TERESA FATIMA ROSSI ZAMURIANO','ANTICIPO AL PERSONAL','111030201');
INSERT INTO `chartmaster` VALUES ('111030201006','es_bo.utf8','CAYETANA CARLA OBLITAS ALVAREZ','ANTICIPO AL PERSONAL','111030201');
INSERT INTO `chartmaster` VALUES ('111030201007','es_bo.utf8','VICTOR FLORENTINO QUISBERT CONDORI','ANTICIPO AL PERSONAL','111030201');
INSERT INTO `chartmaster` VALUES ('111030201008','es_bo.utf8','RODOLFO MANUEL LIENDO MALDONADO','ANTICIPO AL PERSONAL','111030201');
INSERT INTO `chartmaster` VALUES ('111030201009','es_bo.utf8','ANGEL GABRIEL MIRABAL TEJERINA','ANTICIPO AL PERSONAL','111030201');
INSERT INTO `chartmaster` VALUES ('111030201010','es_bo.utf8','SERGIO ANDRES FERNANDEZ ASTURIZAGA','ANTICIPO AL PERSONAL','111030201');
INSERT INTO `chartmaster` VALUES ('111030201011','es_bo.utf8','EDWIN SANTOS FLORES MAMANI','ANTICIPO AL PERSONAL','111030201');
INSERT INTO `chartmaster` VALUES ('111030201012','es_bo.utf8','JOEL JORGE ALVARADO LUJAN','ANTICIPO AL PERSONAL','111030201');
INSERT INTO `chartmaster` VALUES ('111030201013','es_bo.utf8','OTROS EMPLEADOS','ANTICIPO AL PERSONAL','111030201');
INSERT INTO `chartmaster` VALUES ('111030301001','es_bo.utf8','ANSUL TYCO FIRE','ANTICIPOS A PROVEEDORES','111030301');
INSERT INTO `chartmaster` VALUES ('111030301002','es_bo.utf8','DEUTZ CORPORATION','ANTICIPOS A PROVEEDORES','111030301');
INSERT INTO `chartmaster` VALUES ('111030301003','es_bo.utf8','ANTICIPOS PROVEEDORES','ANTICIPOS A PROVEEDORES','111030301');
INSERT INTO `chartmaster` VALUES ('111030401001','es_bo.utf8','ANSUL TYCO FIRE','ANTICIPOS A PROVEEDORES','111030401');
INSERT INTO `chartmaster` VALUES ('111030401002','es_bo.utf8','DEUTZ CORPORATION','ANTICIPOS A PROVEEDORES','111030401');
INSERT INTO `chartmaster` VALUES ('111030401003','es_bo.utf8','FLOWCHEM','ANTICIPOS A PROVEEDORES','111030401');
INSERT INTO `chartmaster` VALUES ('111030401004','es_bo.utf8','OTROS PROVEEDORES','ANTICIPOS A PROVEEDORES','111030401');
INSERT INTO `chartmaster` VALUES ('111030401005','es_bo.utf8','DUX MACHINERY CORPORATION','ANTICIPOS A PROVEEDORES','111030401');
INSERT INTO `chartmaster` VALUES ('111030501001','es_bo.utf8','ANTICIPO DE CONTRATOS','ANTICIPO DE CONTRATOS','111030501');
INSERT INTO `chartmaster` VALUES ('111030601001','es_bo.utf8','ANTICIPO DE CONTRATOS','ANTICIPO DE CONTRATOS','111030601');
INSERT INTO `chartmaster` VALUES ('111030701001','es_bo.utf8','CREDITO FISCAL','IMPUESTOS A RECUPERAR','111030701');
INSERT INTO `chartmaster` VALUES ('111030701002','es_bo.utf8','IUE POR COMPENSAR IT','IMPUESTOS A RECUPERAR','111030701');
INSERT INTO `chartmaster` VALUES ('111040101001','es_bo.utf8','INVENTARIO DE MERCADERIAS','OFICINA CENTRAL','111040101');
INSERT INTO `chartmaster` VALUES ('111040101002','es_bo.utf8','MERCADERIAS EN TRANSITO','OFICINA CENTRAL','111040101');
INSERT INTO `chartmaster` VALUES ('111040101003','es_bo.utf8','MUESTRA PROVEEDORES','OFICINA CENTRAL','111040101');
INSERT INTO `chartmaster` VALUES ('111040101004','es_bo.utf8','MERCADERIA EN CONSIGNACION','OFICINA CENTRAL','111040101');
INSERT INTO `chartmaster` VALUES ('111040102001','es_bo.utf8','MERCADERIAS EN ZONA FRANCA','SUCURSAL 2 - ZONA FRANCA','111040102');
INSERT INTO `chartmaster` VALUES ('111040102002','es_bo.utf8','INVENTARIO EN ZONA FRANCA','SUCURSAL 2 - ZONA FRANCA','111040102');
INSERT INTO `chartmaster` VALUES ('121010101001','es_bo.utf8','MUEBLES Y ENSERES','OFICINA CENTRAL','121010101');
INSERT INTO `chartmaster` VALUES ('121010101002','es_bo.utf8','VEHICULOS','OFICINA CENTRAL','121010101');
INSERT INTO `chartmaster` VALUES ('121010101003','es_bo.utf8','EQUIPO DE OFICINA','OFICINA CENTRAL','121010101');
INSERT INTO `chartmaster` VALUES ('121010101004','es_bo.utf8','EQUIPO DE COMPUTACION','OFICINA CENTRAL','121010101');
INSERT INTO `chartmaster` VALUES ('121010101005','es_bo.utf8','EQUIPO DE LABORATORIO','OFICINA CENTRAL','121010101');
INSERT INTO `chartmaster` VALUES ('121010101006','es_bo.utf8','OTROS ACTIVOS','OFICINA CENTRAL','121010101');
INSERT INTO `chartmaster` VALUES ('121010101007','es_bo.utf8','ACTIVOS EN TRANSITO','OFICINA CENTRAL','121010101');
INSERT INTO `chartmaster` VALUES ('121010201001','es_bo.utf8','DEPRECIACION ACUMULADA MUEBLES Y ENSERES','OFICINA CENTRAL','121010201');
INSERT INTO `chartmaster` VALUES ('121010201002','es_bo.utf8','DEPRECIACION ACUMULADA VEHICULOS','OFICINA CENTRAL','121010201');
INSERT INTO `chartmaster` VALUES ('121010201003','es_bo.utf8','DEPRECIACION ACUMULADA EQUIPOS DE OFICINA','OFICINA CENTRAL','121010201');
INSERT INTO `chartmaster` VALUES ('121010201004','es_bo.utf8','DEPRECIACION ACUMULADA EQUIPOS DE COMPUTACION','OFICINA CENTRAL','121010201');
INSERT INTO `chartmaster` VALUES ('121010201005','es_bo.utf8','DEPRECIACION ACUMULADA EQUIPOS DE LABORATORIO','OFICINA CENTRAL','121010201');
INSERT INTO `chartmaster` VALUES ('121010201006','es_bo.utf8','DEPRECIACION ACUMULADA OTROS ACTIVOS','OFICINA CENTRAL','121010201');
INSERT INTO `chartmaster` VALUES ('121010201007','es_bo.utf8','DEPRECIACION ACUMULADA ACTIVOS EN TRANSITO','OFICINA CENTRAL','121010201');
INSERT INTO `chartmaster` VALUES ('121020101001','es_bo.utf8','ACCIONES TELEFONICAS COTEL','OFICINA CENTRAL','121020101');
INSERT INTO `chartmaster` VALUES ('121020101002','es_bo.utf8','BOLETAS DE GARANTIAS','OFICINA CENTRAL','121020101');
INSERT INTO `chartmaster` VALUES ('211010101001','es_bo.utf8','ANSUL','MONEDA NACIONAL','211010101');
INSERT INTO `chartmaster` VALUES ('211010101002','es_bo.utf8','DEUTZ CORPORATION','MONEDA NACIONAL','211010101');
INSERT INTO `chartmaster` VALUES ('211010102001','es_bo.utf8','ANSUL','MONEDA EXTRANJERA','211010102');
INSERT INTO `chartmaster` VALUES ('211010102002','es_bo.utf8','DEUTZ CORPORATION','MONEDA EXTRANJERA','211010102');
INSERT INTO `chartmaster` VALUES ('211010102003','es_bo.utf8','CUENTAS POR PAGAR','MONEDA EXTRANJERA','211010102');
INSERT INTO `chartmaster` VALUES ('211010102004','es_bo.utf8','DYSER S.R.L.','MONEDA EXTRANJERA','211010102');
INSERT INTO `chartmaster` VALUES ('211010102005','es_bo.utf8','OTROS POR PAGAR','MONEDA EXTRANJERA','211010102');
INSERT INTO `chartmaster` VALUES ('211010102006','es_bo.utf8','ANTICIPOS CLIENTES','MONEDA EXTRANJERA','211010102');
INSERT INTO `chartmaster` VALUES ('211010201001','es_bo.utf8','BANCO MERCANTIL SANTA CRUZ S.A. M/N','MONEDA NACIONAL','211010201');
INSERT INTO `chartmaster` VALUES ('211010201002','es_bo.utf8','DEUTZ CORPORATION','MONEDA NACIONAL','211010201');
INSERT INTO `chartmaster` VALUES ('211010201003','es_bo.utf8','PRESTAMOS EMPLEADOS','MONEDA NACIONAL','211010201');
INSERT INTO `chartmaster` VALUES ('211010202001','es_bo.utf8','BNACO MERCANTIL SANTA CRUZ S.A. M/E','MONEDA EXTRANJERA','211010202');
INSERT INTO `chartmaster` VALUES ('211010202002','es_bo.utf8','DEUTZ CORPORATION','MONEDA EXTRANJERA','211010202');
INSERT INTO `chartmaster` VALUES ('211010202003','es_bo.utf8','PRESTAMOS EMPLEADOS','MONEDA EXTRANJERA','211010202');
INSERT INTO `chartmaster` VALUES ('211010301001','es_bo.utf8','HABERES PERSONAL','SUELDOS Y SALARIOS POR PAGAR','211010301');
INSERT INTO `chartmaster` VALUES ('211010301002','es_bo.utf8','SUBSIDIOS POR PAGAR','SUELDOS Y SALARIOS POR PAGAR','211010301');
INSERT INTO `chartmaster` VALUES ('211010302001','es_bo.utf8','CAJA NACIONAL DE SALUD','APORTES POR PAGAR','211010302');
INSERT INTO `chartmaster` VALUES ('211010302002','es_bo.utf8','AFPS','APORTES POR PAGAR','211010302');
INSERT INTO `chartmaster` VALUES ('211010302003','es_bo.utf8','FONVI','APORTES POR PAGAR','211010302');
INSERT INTO `chartmaster` VALUES ('211010302004','es_bo.utf8','INFOCAL','APORTES POR PAGAR','211010302');
INSERT INTO `chartmaster` VALUES ('211010302005','es_bo.utf8','PRO-VIVIENDA','APORTES POR PAGAR','211010302');
INSERT INTO `chartmaster` VALUES ('211010302006','es_bo.utf8','APORTE SOLIDARIO','APORTES POR PAGAR','211010302');
INSERT INTO `chartmaster` VALUES ('211010303001','es_bo.utf8','AGUINALDOS PERSONAL','PROVISION AGUINALDOS','211010303');
INSERT INTO `chartmaster` VALUES ('211010304001','es_bo.utf8','FONDO PARA INCENTIVO PERSONAL','OTRAS OBLIGACIONES','211010304');
INSERT INTO `chartmaster` VALUES ('211010304002','es_bo.utf8','DESCUENTO POR ATRASO PERSONAL','OTRAS OBLIGACIONES','211010304');
INSERT INTO `chartmaster` VALUES ('211010401001','es_bo.utf8','DEBITO FISCAL','IMPUESTOS DIRECTOS','211010401');
INSERT INTO `chartmaster` VALUES ('211010401002','es_bo.utf8','IT POR PAGAR','IMPUESTOS DIRECTOS','211010401');
INSERT INTO `chartmaster` VALUES ('211010401003','es_bo.utf8','IUE POR PAGAR','IMPUESTOS DIRECTOS','211010401');
INSERT INTO `chartmaster` VALUES ('211010401004','es_bo.utf8','RC-IVA','IMPUESTOS DIRECTOS','211010401');
INSERT INTO `chartmaster` VALUES ('211010402001','es_bo.utf8','RETENCIONES IUE','RETENCIONES POR PAGAR','211010402');
INSERT INTO `chartmaster` VALUES ('211010402002','es_bo.utf8','RETENCIONES IT','RETENCIONES POR PAGAR','211010402');
INSERT INTO `chartmaster` VALUES ('211010402003','es_bo.utf8','RETENCIONES RC-IVA','RETENCIONES POR PAGAR','211010402');
INSERT INTO `chartmaster` VALUES ('221010101001','es_bo.utf8','MONEDA NACIONAL','OFICINA CENTRAL','221010101');
INSERT INTO `chartmaster` VALUES ('221010101002','es_bo.utf8','MONEDA EXTRANJERA','OFICINA CENTRAL','221010101');
INSERT INTO `chartmaster` VALUES ('221010102001','es_bo.utf8','MONEDA NACIONAL','SUCURSAL 2 - ZONA FRANCA','221010102');
INSERT INTO `chartmaster` VALUES ('221010102002','es_bo.utf8','MONEDA EXTRANJERA','SUCURSAL 2 - ZONA FRANCA','221010102');
INSERT INTO `chartmaster` VALUES ('221010103001','es_bo.utf8','MONEDA NACIONAL','SUCURSAL 3 - AEROPUERTO','221010103');
INSERT INTO `chartmaster` VALUES ('221010103002','es_bo.utf8','MONEDA EXTRANJERA','SUCURSAL 3 - AEROPUERTO','221010103');
INSERT INTO `chartmaster` VALUES ('221010201001','es_bo.utf8','PREVISIONES PARA INDEMNIZACIONES','MONEDA NACIONAL','221010201');
INSERT INTO `chartmaster` VALUES ('221010201002','es_bo.utf8','INDEMNIZACIONES A PAGAR','MONEDA NACIONAL','221010201');
INSERT INTO `chartmaster` VALUES ('311010101001','es_bo.utf8','CAPITAL SOCIAL','CAPITAL CONTABLE','311010101');
INSERT INTO `chartmaster` VALUES ('311010101002','es_bo.utf8','AJUSTE DE CAPITAL','CAPITAL CONTABLE','311010101');
INSERT INTO `chartmaster` VALUES ('311010101003','es_bo.utf8','AJUSTE RESERVAS DE CAPITAL','CAPITAL CONTABLE','311010101');
INSERT INTO `chartmaster` VALUES ('311010101004','es_bo.utf8','AJUSTE GLOBAL DE PATRIMONIO','CAPITAL CONTABLE','311010101');
INSERT INTO `chartmaster` VALUES ('311010101005','es_bo.utf8','RESULTADOS ACUMULADOS','CAPITAL CONTABLE','311010101');
INSERT INTO `chartmaster` VALUES ('311010101006','es_bo.utf8','RESULTADOS DE LA GESTION','CAPITAL CONTABLE','311010101');
INSERT INTO `chartmaster` VALUES ('311010101007','es_bo.utf8','CAPITAL POR REVALORIZACION ACTIVOS FIJOS','CAPITAL CONTABLE','311010101');
INSERT INTO `chartmaster` VALUES ('311010101008','es_bo.utf8','PERDIDAS ACUMULADAS','CAPITAL CONTABLE','311010101');
INSERT INTO `chartmaster` VALUES ('311010102001','es_bo.utf8','RESERVA LEGAL 5%','RESERVAS LEGALES','311010102');
INSERT INTO `chartmaster` VALUES ('311010102002','es_bo.utf8','RESERVA POR REVALUO TECNICO','RESERVAS LEGALES','311010102');
INSERT INTO `chartmaster` VALUES ('411010101001','es_bo.utf8','VENTA DE MERCADERIAS','OFICINA CENTRAL','411010101');
INSERT INTO `chartmaster` VALUES ('411010101002','es_bo.utf8','SERVICIOS','OFICINA CENTRAL','411010101');
INSERT INTO `chartmaster` VALUES ('411010102001','es_bo.utf8','VENTA DE MERCADERIAS','SUCURSAL 2 - ZONA FRANCA','411010102');
INSERT INTO `chartmaster` VALUES ('411010102002','es_bo.utf8','SERVICIOS','SUCURSAL 2 - ZONA FRANCA','411010102');
INSERT INTO `chartmaster` VALUES ('411010102003','es_bo.utf8','VENTAS ZONA FRANCA','SUCURSAL 2 - ZONA FRANCA','411010102');
INSERT INTO `chartmaster` VALUES ('411010102004','es_bo.utf8','COMISIONES ZONA FRANCA','SUCURSAL 2 - ZONA FRANCA','411010102');
INSERT INTO `chartmaster` VALUES ('411010103001','es_bo.utf8','VENTA DE MERCADERIAS','SUCURSAL 3 - AEROPUERTO','411010103');
INSERT INTO `chartmaster` VALUES ('411010103002','es_bo.utf8','SERVICIOS','SUCURSAL 3 - AEROPUERTO','411010103');
INSERT INTO `chartmaster` VALUES ('411010201001','es_bo.utf8','INTERESES GANADOS','OFICINA CENTRAL','411010201');
INSERT INTO `chartmaster` VALUES ('411010201002','es_bo.utf8','ALQUILERES','OFICINA CENTRAL','411010201');
INSERT INTO `chartmaster` VALUES ('411010201003','es_bo.utf8','COMISIONES','OFICINA CENTRAL','411010201');
INSERT INTO `chartmaster` VALUES ('411010201004','es_bo.utf8','DIFERENCIA DE CAMBIO','OFICINA CENTRAL','411010201');
INSERT INTO `chartmaster` VALUES ('411010201005','es_bo.utf8','AJUSTE POR INFLACION Y TENENCIA DE BIENES','OFICINA CENTRAL','411010201');
INSERT INTO `chartmaster` VALUES ('411010201006','es_bo.utf8','INGRESOS GESTIONES ANTERIORES','OFICINA CENTRAL','411010201');
INSERT INTO `chartmaster` VALUES ('411010201007','es_bo.utf8','INGRESOS SIN IDENTIFICAR','OFICINA CENTRAL','411010201');
INSERT INTO `chartmaster` VALUES ('511010101001','es_bo.utf8','COSTO DE VENTAS','OFICINA CENTRAL','511010101');
INSERT INTO `chartmaster` VALUES ('511010101002','es_bo.utf8','SUELDOS Y SALARIOS','OFICINA CENTRAL','511010101');
INSERT INTO `chartmaster` VALUES ('511010101003','es_bo.utf8','HONORARIOS PROFESIONALES','OFICINA CENTRAL','511010101');
INSERT INTO `chartmaster` VALUES ('511010101004','es_bo.utf8','APORTES PATRONALES','OFICINA CENTRAL','511010101');
INSERT INTO `chartmaster` VALUES ('511010101005','es_bo.utf8','BENEFICIOS SOCIALES','OFICINA CENTRAL','511010101');
INSERT INTO `chartmaster` VALUES ('511010101006','es_bo.utf8','AGUINALDOS','OFICINA CENTRAL','511010101');
INSERT INTO `chartmaster` VALUES ('511010101007','es_bo.utf8','PRIMAS','OFICINA CENTRAL','511010101');
INSERT INTO `chartmaster` VALUES ('511010101008','es_bo.utf8','IMPUESTO A LAS TRANSACCIONES','OFICINA CENTRAL','511010101');
INSERT INTO `chartmaster` VALUES ('511010101009','es_bo.utf8','IMPUESTOS MUNICIPALES','OFICINA CENTRAL','511010101');
INSERT INTO `chartmaster` VALUES ('511010101010','es_bo.utf8','APORTES SOLIDARIOS AFPS','OFICINA CENTRAL','511010101');
INSERT INTO `chartmaster` VALUES ('511010101011','es_bo.utf8','COURIER','OFICINA CENTRAL','511010101');
INSERT INTO `chartmaster` VALUES ('511010101012','es_bo.utf8','TRAMITES DE DESPACHO','OFICINA CENTRAL','511010101');
INSERT INTO `chartmaster` VALUES ('511010101013','es_bo.utf8','TRANSPORTE','OFICINA CENTRAL','511010101');
INSERT INTO `chartmaster` VALUES ('511010101014','es_bo.utf8','PUBLICIDAD','OFICINA CENTRAL','511010101');
INSERT INTO `chartmaster` VALUES ('511010101015','es_bo.utf8','HOSPEDAJE','OFICINA CENTRAL','511010101');
INSERT INTO `chartmaster` VALUES ('511010101016','es_bo.utf8','PASAJES TERRESTRES','OFICINA CENTRAL','511010101');
INSERT INTO `chartmaster` VALUES ('511010101017','es_bo.utf8','PASAJES AEREOS','OFICINA CENTRAL','511010101');
INSERT INTO `chartmaster` VALUES ('511010101018','es_bo.utf8','GASTOS DE ALIMENTACION','OFICINA CENTRAL','511010101');
INSERT INTO `chartmaster` VALUES ('511010101019','es_bo.utf8','VIATICOS','OFICINA CENTRAL','511010101');
INSERT INTO `chartmaster` VALUES ('511010101020','es_bo.utf8','DEVOLUCION DE VENTAS','OFICINA CENTRAL','511010101');
INSERT INTO `chartmaster` VALUES ('511010101021','es_bo.utf8','EQUIPO Y ROPA DE TRABAJO','OFICINA CENTRAL','511010101');
INSERT INTO `chartmaster` VALUES ('511010101022','es_bo.utf8','COSTO DE VENTA ZONA FRANCA','OFICINA CENTRAL','511010101');
INSERT INTO `chartmaster` VALUES ('511010101023','es_bo.utf8','REPUESTOS Y OTROS','OFICINA CENTRAL','511010101');
INSERT INTO `chartmaster` VALUES ('511010101024','es_bo.utf8','MUESTRA DE PRODUCTOS','OFICINA CENTRAL','511010101');
INSERT INTO `chartmaster` VALUES ('511010101025','es_bo.utf8','BMS-AMEX','OFICINA CENTRAL','511010101');
INSERT INTO `chartmaster` VALUES ('511010101026','es_bo.utf8','GENERAL INDUSTRIAL TRADING GIT','OFICINA CENTRAL','511010101');
INSERT INTO `chartmaster` VALUES ('511010101027','es_bo.utf8','BIC LINES SRL','OFICINA CENTRAL','511010101');
INSERT INTO `chartmaster` VALUES ('511010101028','es_bo.utf8','OTROS GASTOS DE OPERACION','OFICINA CENTRAL','511010101');
INSERT INTO `chartmaster` VALUES ('511010101029','es_bo.utf8','CUENTAS INCOBRABLES','OFICINA CENTRAL','511010101');
INSERT INTO `chartmaster` VALUES ('511010101030','es_bo.utf8','OTROS GASTOS DEL PERSONAL','OFICINA CENTRAL','511010101');
INSERT INTO `chartmaster` VALUES ('511010201001','es_bo.utf8','MATERIAL DE LIMPIEZA','OFICINA CENTRAL','511010201');
INSERT INTO `chartmaster` VALUES ('511010201002','es_bo.utf8','FOTOCOPIAS','OFICINA CENTRAL','511010201');
INSERT INTO `chartmaster` VALUES ('511010201003','es_bo.utf8','MANTENIMIENTO DE OFICINA','OFICINA CENTRAL','511010201');
INSERT INTO `chartmaster` VALUES ('511010201004','es_bo.utf8','MANTENIMIENTO DE EQUIPOS DE COMPUTACION','OFICINA CENTRAL','511010201');
INSERT INTO `chartmaster` VALUES ('511010201005','es_bo.utf8','LEGALES Y NOTARIALES','OFICINA CENTRAL','511010201');
INSERT INTO `chartmaster` VALUES ('511010201006','es_bo.utf8','BONO MOVILIDAD','OFICINA CENTRAL','511010201');
INSERT INTO `chartmaster` VALUES ('511010201007','es_bo.utf8','MOVILIDAD','OFICINA CENTRAL','511010201');
INSERT INTO `chartmaster` VALUES ('511010201008','es_bo.utf8','MATERIAL DE ESCRITORIO','OFICINA CENTRAL','511010201');
INSERT INTO `chartmaster` VALUES ('511010201009','es_bo.utf8','GASTOS MENORES','OFICINA CENTRAL','511010201');
INSERT INTO `chartmaster` VALUES ('511010201010','es_bo.utf8','FORMULARIOS','OFICINA CENTRAL','511010201');
INSERT INTO `chartmaster` VALUES ('511010201011','es_bo.utf8','SUBSIDIOS','OFICINA CENTRAL','511010201');
INSERT INTO `chartmaster` VALUES ('511010201012','es_bo.utf8','DIFERENCIA POR REDONDEO','OFICINA CENTRAL','511010201');
INSERT INTO `chartmaster` VALUES ('511010301001','es_bo.utf8','ELECTROPAZ S.A.','OFICINA CENTRAL','511010301');
INSERT INTO `chartmaster` VALUES ('511010301002','es_bo.utf8','COTEL LA PAZ S.A.','OFICINA CENTRAL','511010301');
INSERT INTO `chartmaster` VALUES ('511010301003','es_bo.utf8','EPSAS S.A.','OFICINA CENTRAL','511010301');
INSERT INTO `chartmaster` VALUES ('511010301004','es_bo.utf8','ENTEL S.A.','OFICINA CENTRAL','511010301');
INSERT INTO `chartmaster` VALUES ('511010301005','es_bo.utf8','NUEVATEL PCS BOLIVIA S.A.','OFICINA CENTRAL','511010301');
INSERT INTO `chartmaster` VALUES ('511010301006','es_bo.utf8','AXS BOLIVIA S.A.','OFICINA CENTRAL','511010301');
INSERT INTO `chartmaster` VALUES ('511010301007','es_bo.utf8','TELECEL S.A.','OFICINA CENTRAL','511010301');
INSERT INTO `chartmaster` VALUES ('511010301008','es_bo.utf8','G.I.T.','OFICINA CENTRAL','511010301');
INSERT INTO `chartmaster` VALUES ('511010301009','es_bo.utf8','JET AIR SERVICES','OFICINA CENTRAL','511010301');
INSERT INTO `chartmaster` VALUES ('511010301010','es_bo.utf8','SERVICIO DE TE Y REFRIGERIO','OFICINA CENTRAL','511010301');
INSERT INTO `chartmaster` VALUES ('511010301011','es_bo.utf8','FUNDEMPRESA','OFICINA CENTRAL','511010301');
INSERT INTO `chartmaster` VALUES ('511010301012','es_bo.utf8','TASA DE ASEO Y ALUMBRADO','OFICINA CENTRAL','511010301');
INSERT INTO `chartmaster` VALUES ('511010301013','es_bo.utf8','COTAS LTDA','OFICINA CENTRAL','511010301');
INSERT INTO `chartmaster` VALUES ('511010301014','es_bo.utf8','BOLIVIATEL S.A.','OFICINA CENTRAL','511010301');
INSERT INTO `chartmaster` VALUES ('511010301015','es_bo.utf8','SUSCRIPCIONES','OFICINA CENTRAL','511010301');
INSERT INTO `chartmaster` VALUES ('511010301016','es_bo.utf8','CAPACITACION PERSONAL','OFICINA CENTRAL','511010301');
INSERT INTO `chartmaster` VALUES ('511010301017','es_bo.utf8','BCO CREDINET WEB','OFICINA CENTRAL','511010301');
INSERT INTO `chartmaster` VALUES ('511010301018','es_bo.utf8','TRANS MAYLOGISTIC','OFICINA CENTRAL','511010301');
INSERT INTO `chartmaster` VALUES ('511010401001','es_bo.utf8','INTERESES PAGADOS','OFICINA CENTRAL','511010401');
INSERT INTO `chartmaster` VALUES ('511010401002','es_bo.utf8','CARGOS BANCARIOS','OFICINA CENTRAL','511010401');
INSERT INTO `chartmaster` VALUES ('511010401003','es_bo.utf8','DESCUENTOS EN VENTAS','OFICINA CENTRAL','511010401');
INSERT INTO `chartmaster` VALUES ('511010401004','es_bo.utf8','COMISIONES GIRO AL EXTERIOR','OFICINA CENTRAL','511010401');
INSERT INTO `chartmaster` VALUES ('511010401005','es_bo.utf8','SEGUROS','OFICINA CENTRAL','511010401');
INSERT INTO `chartmaster` VALUES ('511010401006','es_bo.utf8','COMPRA DE CHEQUERA','OFICINA CENTRAL','511010401');
INSERT INTO `chartmaster` VALUES ('511010501001','es_bo.utf8','IMPUESTO A LAS TRANSACCIONES FINANCIERAS','OFICINA CENTRAL','511010501');
INSERT INTO `chartmaster` VALUES ('511010501002','es_bo.utf8','MULTAS Y SANCIONES','OFICINA CENTRAL','511010501');
INSERT INTO `chartmaster` VALUES ('511010501003','es_bo.utf8','IMPUESTOS OMITIDOS','OFICINA CENTRAL','511010501');
INSERT INTO `chartmaster` VALUES ('511010501004','es_bo.utf8','PERDIDAS DE VALOR EN EXISTENCIAS','OFICINA CENTRAL','511010501');
INSERT INTO `chartmaster` VALUES ('511010601001','es_bo.utf8','DEPRECIACION  MUEBLES Y ENSERES','DEPRECIACION ACTIVOS FIJOS','511010601');
INSERT INTO `chartmaster` VALUES ('511010601002','es_bo.utf8','DEPRECIACION VEHICULOS','DEPRECIACION ACTIVOS FIJOS','511010601');
INSERT INTO `chartmaster` VALUES ('511010601003','es_bo.utf8','DEPRECIACION MAQUINARIA Y EQUIPO','DEPRECIACION ACTIVOS FIJOS','511010601');
INSERT INTO `chartmaster` VALUES ('511010601004','es_bo.utf8','DEPRECIACION EQUIPO DE COMPUTACION','DEPRECIACION ACTIVOS FIJOS','511010601');
INSERT INTO `chartmaster` VALUES ('511010601005','es_bo.utf8','DEPRECIACION EQUIPO DE LABORATORIO','DEPRECIACION ACTIVOS FIJOS','511010601');
INSERT INTO `chartmaster` VALUES ('511010601006','es_bo.utf8','DEPRECIACION OTROS ACTIVOS','DEPRECIACION ACTIVOS FIJOS','511010601');
INSERT INTO `chartmaster` VALUES ('511010602001','es_bo.utf8','AMORTIZACIONES GASTOS DIFERIDOS','AMORTIZACIONES Y PREVISIONES','511010602');
INSERT INTO `chartmaster` VALUES ('511010602002','es_bo.utf8','PREVISIONES CUENTAS INCOBRABLES','AMORTIZACIONES Y PREVISIONES','511010602');
INSERT INTO `chartmaster` VALUES ('511010602003','es_bo.utf8','CASTIGO DE MERCADERIAS','AMORTIZACIONES Y PREVISIONES','511010602');
INSERT INTO `chartmaster` VALUES ('611010101001','es_bo.utf8','DIFERENCIA DE CAMBIO','AJUSTES DE ACTUALIZACION','611010101');
INSERT INTO `chartmaster` VALUES ('611010101002','es_bo.utf8','MANTENIMIENTO DE VALOR','AJUSTES DE ACTUALIZACION','611010101');
INSERT INTO `chartmaster` VALUES ('611010101003','es_bo.utf8','AJUSTE POR INFLACION Y TENENCIA DE BIENES','AJUSTES DE ACTUALIZACION','611010101');
INSERT INTO `chartmaster` VALUES ('611010101004','es_bo.utf8','GASTOS GESTIONES ANTERIORES','AJUSTES DE ACTUALIZACION','611010101');
INSERT INTO `chartmaster` VALUES ('611010101005','es_bo.utf8','RESULTADOS POR EXPOSICION A LA INFLACION','AJUSTES DE ACTUALIZACION','611010101');
INSERT INTO `chartmaster` VALUES ('611010101006','es_bo.utf8','DIFERENCIAS TRIBUTOS FISCALES','AJUSTES DE ACTUALIZACION','611010101');
