
INSERT INTO `accountsection` VALUES (1,'in_ID.utf8','Aktiva');
INSERT INTO `accountsection` VALUES (2,'in_ID.utf8','Kewajiban');
INSERT INTO `accountsection` VALUES (3,'in_ID.utf8','Pendapatan');
INSERT INTO `accountsection` VALUES (4,'in_ID.utf8','Biaya');

INSERT INTO `accountgroups` VALUES ('Penjualan','1','in_ID.utf8',3,1,10,'','');
INSERT INTO `accountgroups` VALUES ('Kas Bank','10','in_ID.utf8',1,0,40,'','');
INSERT INTO `accountgroups` VALUES ('Harga Pokok Penjualan','2','in_ID.utf8',4,1,20,'','');
INSERT INTO `accountgroups` VALUES ('Piutang Dagang','20','in_ID.utf8',1,0,50,'','');
INSERT INTO `accountgroups` VALUES ('Utang Dagang','30','in_ID.utf8',2,0,60,'','');
INSERT INTO `accountgroups` VALUES ('Aktiva Tetap','40','in_ID.utf8',1,0,70,'','');
INSERT INTO `accountgroups` VALUES ('Inventory','45','in_ID.utf8',1,0,80,'','');
INSERT INTO `accountgroups` VALUES ('Beban','5','in_ID.utf8',4,1,30,'','');
INSERT INTO `accountgroups` VALUES ('Modal','50','in_ID.utf8',2,0,90,'','');
INSERT INTO `accountgroups` VALUES ('Penyusutan','51','in_ID.utf8',4,1,100,'','');
INSERT INTO `accountgroups` VALUES ('Keuangan','52','in_ID.utf8',4,1,110,'','');
INSERT INTO `accountgroups` VALUES ('Aktiva Lain-lain','53','in_ID.utf8',1,0,120,'','');
INSERT INTO `accountgroups` VALUES ('Beban Lain-Lain','54','in_ID.utf8',4,1,130,'','');
INSERT INTO `accountgroups` VALUES ('Kewajiban Jangka Panjang','55','in_ID.utf8',2,0,140,'','');
INSERT INTO `accountgroups` VALUES ('Kewajiban','56','in_ID.utf8',2,0,150,'','');
INSERT INTO `accountgroups` VALUES ('Pendapatan','57','in_ID.utf8',3,1,160,'','');
INSERT INTO `accountgroups` VALUES ('COGS','58','in_ID.utf8',4,1,170,'','');
INSERT INTO `accountgroups` VALUES ('Pendapatan Lain','59','in_ID.utf8',1,0,180,'','');

INSERT INTO `chartmaster` VALUES ('1100','in_ID-utf8','Kas dan Bank IDR','Kas Bank',-1,'10');
INSERT INTO `chartmaster` VALUES ('1200','in_ID-utf8','Mata Uang Asing','Kas Bank',-1,'10');
INSERT INTO `chartmaster` VALUES ('1300','in_ID-utf8','Piutang Dagang/AR','Piutang Dagang',-1,'20');
INSERT INTO `chartmaster` VALUES ('1410','in_ID-utf8','Inventory - Komponen','Inventory',-1,'45');
INSERT INTO `chartmaster` VALUES ('1415','in_ID-utf8','Inventory - Perakitan Barang','Inventory',-1,'45');
INSERT INTO `chartmaster` VALUES ('1501','in_ID-utf8','Uang Muka','Keuangan',-1,'52');
INSERT INTO `chartmaster` VALUES ('1502','in_ID-utf8','Pajak Pembelian - VAT in','Aktiva Lain-lain',-1,'53');
INSERT INTO `chartmaster` VALUES ('1599','in_ID-utf8','Transaksi Aktiva Tetap','Kas Bank',-1,'10');
INSERT INTO `chartmaster` VALUES ('1700','in_ID-utf8','Akumulasi Penyusutan','Penyusutan',-1,'51');
INSERT INTO `chartmaster` VALUES ('2100','in_ID-utf8','Utang Dagang/AP','Utang Dagang',-1,'30');
INSERT INTO `chartmaster` VALUES ('2201','in_ID-utf8','Pembayaran Pajak','Kewajiban',-1,'56');
INSERT INTO `chartmaster` VALUES ('2202','in_ID-utf8','Pembayaran Wajib','Kewajiban',-1,'56');
INSERT INTO `chartmaster` VALUES ('3100','in_ID-utf8','Stok Awal','Modal',-1,'50');
INSERT INTO `chartmaster` VALUES ('3200','in_ID-utf8','Stock Biasa','Modal',-1,'50');
INSERT INTO `chartmaster` VALUES ('3400','in_ID-utf8','Laba ditahan','Modal',-1,'50');
INSERT INTO `chartmaster` VALUES ('4100','in_ID-utf8','Penjualan','Pendapatan',-1,'57');
INSERT INTO `chartmaster` VALUES ('4200','in_ID-utf8','Penjualan Kembali dan Diskon','Pendapatan',-1,'57');
INSERT INTO `chartmaster` VALUES ('5101','in_ID-utf8','Harga Pokok Penjualan','COGS',-1,'58');
INSERT INTO `chartmaster` VALUES ('5102','in_ID-utf8','Diskon Temin Pembelian','COGS',-1,'58');
INSERT INTO `chartmaster` VALUES ('5103','in_ID-utf8','Ongkos Masuk','COGS',-1,'58');
INSERT INTO `chartmaster` VALUES ('6100','in_ID-utf8','Beban Penjualan','Beban',-1,'5');
INSERT INTO `chartmaster` VALUES ('6200','in_ID-utf8','Administrasi dan Beban Umum','Beban',-1,'5');
INSERT INTO `chartmaster` VALUES ('6205','in_ID-utf8','Beban Penyusutan','Beban',-1,'5');
INSERT INTO `chartmaster` VALUES ('6300','in_ID-utf8','Selisih Mata Uang Asing','Penjualan',-1,'1');
INSERT INTO `chartmaster` VALUES ('7101','in_ID-utf8','Pendapatan Bunga Bank','Pendapatan Lain',-1,'59');
INSERT INTO `chartmaster` VALUES ('7102','in_ID-utf8','Pendapatan Kas','Pendapatan Lain',-1,'59');
INSERT INTO `chartmaster` VALUES ('8101','in_ID-utf8','Beban Administrasi Bank','Beban Lain-Lain',-1,'54');
INSERT INTO `chartmaster` VALUES ('8102','in_ID-utf8','Beban Bunga Bank','Beban Lain-Lain',-1,'54');
